,Municipio,area,Populacao_Estimada,Densidade_Demográfica,Mortalidade_Infantil,Despesas_empenhadas,PIB,Código IBGE,Indice s/ Acento,Indice c/ acento,Município com acento,Municipio Sem Acento,DRS
0,ADAMANTINA,411.987,35111,82.15,11.63,13.708.366.993,30962.66,3500105,0,0,ADAMANTINA,ADAMANTINA,DRS 09 Marília
1,ADOLFO,211.055,3554,16.85,19.23,2.010.387.713,25867.75,3500204,1,1,ADOLFO,ADOLFO,DRS 15 São José do Rio Preto
2,AGUAÍ,474.554,36648,67.72,16.06,7.216.873.408,28041.03,3500303,2,2,AGUAÍ,AGUAI,DRS 14 São João da Boa Vista
3,ÁGUAS DA PRATA,142.673,8221,53.05,25.32,2.436.340.149,20683.88,3500402,3,637,ÁGUAS DA PRATA,AGUAS DA PRATA,DRS 14 São João da Boa Vista
4,ÁGUAS DE LINDÓIA,60.126,18808,287.16,8.37,7.520.147.793,26427.34,3500501,4,638,ÁGUAS DE LINDÓIA,AGUAS DE LINDOIA,DRS 07 Campinas
5,ÁGUAS DE SANTA BÁRBARA,404.463,6109,13.83,23.26,2.847.194.804,27620.94,3500550,5,639,ÁGUAS DE SANTA BÁRBARA,AGUAS DE SANTA BARBARA,DRS 06 Bauru
6,ÁGUAS DE SÃO PEDRO,3.612,3521,488.89,38.46,2.270.999.284,40220.9,3500600,6,640,ÁGUAS DE SÃO PEDRO,AGUAS DE SAO PEDRO,DRS 10 Piracicaba
7,AGUDOS,966.708,37401,35.73,12.13,14.341.768.289,59513.01,3500709,7,3,AGUDOS,AGUDOS,DRS 06 Bauru
8,ALAMBARI,159.600,6129,30.66,25.00,2.183.901.214,16981.63,3500758,8,4,ALAMBARI,ALAMBARI,DRS 16 Sorocaba
9,ALFREDO MARCONDES,118.915,4184,32.86,20.83,1.511.197.897,20104.35,3500808,9,5,ALFREDO MARCONDES,ALFREDO MARCONDES,DRS 11 Presidente Prudente
10,ALTAIR,313.007,4186,12.16,20.41,1.941.076.045,25842.48,3500907,10,6,ALTAIR,ALTAIR,DRS 05 Barretos
11,ALTINÓPOLIS,928.956,16203,16.8,16.39,5.543.605.472,30792.08,3501004,11,7,ALTINÓPOLIS,ALTINOPOLIS,DRS 13 Ribeirão Preto
12,ALTO ALEGRE,318.574,4088,12.86,33.33,1.823.622.271,26207.29,3501103,12,8,ALTO ALEGRE,ALTO ALEGRE,DRS 02 Araçatuba
13,ALUMÍNIO,83.660,18767,201.28,20.33,7.257.258.372,113887.93,3501152,13,9,ALUMÍNIO,ALUMINIO,DRS 16 Sorocaba
14,ÁLVARES FLORENCE,362.411,3647,10.74,26.32,1.824.110.731,32245.7,3501202,14,641,ÁLVARES FLORENCE,ALVARES FLORENCE,DRS 15 São José do Rio Preto
15,ÁLVARES MACHADO,347.647,24998,67.69,18.13,602.969.844,21374.06,3501301,15,642,ÁLVARES MACHADO,ALVARES MACHADO,DRS 11 Presidente Prudente
16,ÁLVARO DE CARVALHO,153.662,5274,30.36,17.54,1.644.113.972,9632.45,3501400,16,643,ÁLVARO DE CARVALHO,ALVARO DE CARVALHO,DRS 09 Marília
17,ALVINLÂNDIA,84.879,3237,35.38,21.74,1.294.054.398,16190.38,3501509,17,10,ALVINLÂNDIA,ALVINLANDIA,DRS 09 Marília
18,AMERICANA,133.912,242018,1572.75,7.47,7.097.438.111,47793.48,3501608,18,11,AMERICANA,AMERICANA,DRS 07 Campinas
19,AMÉRICO BRASILIENSE,122.958,41032,280.91,16.00,10.079.916.438,24008.7,3501707,19,13,AMÉRICO BRASILIENSE,AMERICO BRASILIENSE,DRS 03 Araraquara
20,AMÉRICO DE CAMPOS,252.876,5981,22.54,19.61,2.140.683.023,19767.04,3501806,20,14,AMÉRICO DE CAMPOS,AMERICO DE CAMPOS,DRS 15 São José do Rio Preto
21,AMPARO,445.323,72677,147.75,5.65,24.072.795.422,64804.88,3501905,21,12,AMPARO,AMPARO,DRS 07 Campinas
22,ANALÂNDIA,325.953,5056,13.18,21.28,309.675.513,37298.53,3502002,22,15,ANALÂNDIA,ANALANDIA,DRS 10 Piracicaba
23,ANDRADINA,964.226,57202,57.39,13.35,14.735.321.707,33661.69,3502101,23,16,ANDRADINA,ANDRADINA,DRS 02 Araçatuba
24,ANGATUBA,1.027.288,25479,21.61,6.31,6.630.615.913,40386.56,3502200,24,17,ANGATUBA,ANGATUBA,DRS 16 Sorocaba
25,ANHEMBI,736.557,6819,7.67,14.08,2.990.798.478,27144.44,3502309,25,18,ANHEMBI,ANHEMBI,DRS 06 Bauru
26,ANHUMAS,320.840,4144,11.66,33.33,1.761.483.672,18317.06,3502408,26,19,ANHUMAS,ANHUMAS,DRS 11 Presidente Prudente
27,APARECIDA,120.890,36185,289.13,6.25,9.827.114.272,29969.65,3502507,27,20,APARECIDA,APARECIDA,DRS 17 Taubaté
28,APARECIDA D'OESTE,179.004,4158,24.86,21.74,1.774.429.241,30365.95,3502606,28,21,APARECIDA D'OESTE,APARECIDA D'OESTE,DRS 15 São José do Rio Preto
29,APIAÍ,974.322,24226,25.85,16.67,650.666.608,24247.23,3502705,29,22,APIAÍ,APIAI,DRS 16 Sorocaba
30,ARAÇARIGUAMA,145.204,22860,117.63,12.01,9.890.372.356,149668.66,3502754,30,28,ARAÇARIGUAMA,ARACARIGUAMA,DRS 16 Sorocaba
31,ARAÇATUBA,1.167.126,198129,155.54,11.02,48.979.965.507,37521.17,3502804,31,29,ARAÇATUBA,ARACATUBA,DRS 02 Araçatuba
32,ARAÇOIABA DA SERRA,255.327,34776,106.88,7.23,8.257.797.635,25731.56,3502903,32,30,ARAÇOIABA DA SERRA,ARACOIABA DA SERRA,DRS 16 Sorocaba
33,ARAMINA,202.829,5655,25.39,14.49,218.444.276,22669.33,3503000,33,23,ARAMINA,ARAMINA,DRS 08 Franca
34,ARANDU,285.908,6365,21.42,30.93,3.041.449.906,18522.28,3503109,34,24,ARANDU,ARANDU,DRS 06 Bauru
35,ARAPEÍ,156.903,2460,15.89,71.43,1.264.783.575,12390.56,3503158,35,25,ARAPEÍ,ARAPEI,DRS 17 Taubaté
36,ARARAQUARA,1.003.625,238339,207.9,10.46,79.761.315.061,40253.93,3503208,36,26,ARARAQUARA,ARARAQUARA,DRS 03 Araraquara
37,ARARAS,644.831,135506,184.3,12.11,47.276.251.826,41863.92,3503307,37,27,ARARAS,ARARAS,DRS 10 Piracicaba
38,ARCO-ÍRIS,264.904,1773,7.27,33.33,1.239.160.573,29273.95,3503356,38,31,ARCO-ÍRIS,ARCO-IRIS,
39,AREALVA,506.226,8613,15.53,21.05,2.370.469.254,27135.55,3503406,39,32,AREALVA,AREALVA,DRS 06 Bauru
40,AREIAS,305.227,3896,12.11,21.28,1.591.897.697,11126.84,3503505,40,33,AREIAS,AREIAS,DRS 17 Taubaté
41,AREIÓPOLIS,85.907,11158,123.35,22.90,2.765.950.588,12884.23,3503604,41,34,AREIÓPOLIS,AREIOPOLIS,DRS 06 Bauru
42,ARIRANHA,132.624,9761,64.19,25.00,3.979.184.863,76108.12,3503703,42,35,ARIRANHA,ARIRANHA,DRS 15 São José do Rio Preto
43,ARTUR NOGUEIRA,178.026,55340,248.15,7.36,141.937.105,22156.59,3503802,43,36,ARTUR NOGUEIRA,ARTUR NOGUEIRA,DRS 07 Campinas
44,ARUJÁ,96.167,91157,779.33,16.32,24.738.693.664,69588.09,3503901,44,37,ARUJÁ,ARUJA,DRS 01 Grande São Paulo
45,ASPÁSIA,69.373,1818,26.09,-,1.347.252.382,19290.58,3503950,45,38,ASPÁSIA,ASPASIA,DRS 15 São José do Rio Preto
46,ASSIS,460.609,105087,206.7,7.69,28.856.658.779,32443.96,3504008,46,39,ASSIS,ASSIS,DRS 09 Marília
47,ATIBAIA,478.521,144088,264.57,11.07,46.527.938.024,50498.62,3504107,47,40,ATIBAIA,ATIBAIA,DRS 07 Campinas
48,AURIFLAMA,434.498,15253,32.72,5.85,3.907.089.907,20155.43,3504206,48,41,AURIFLAMA,AURIFLAMA,DRS 02 Araçatuba
49,AVAÍ,540.689,5436,9.18,14.08,18.277.667,50644.08,3504305,49,44,AVAÍ,AVAI,DRS 06 Bauru
50,AVANHANDAVA,338.370,13859,33.4,6.37,4.172.229.587,23782.13,3504404,50,42,AVANHANDAVA,AVANHANDAVA,DRS 02 Araçatuba
51,AVARÉ,1.213.055,91232,68.37,11.49,27.855.738.041,30391.62,3504503,51,43,AVARÉ,AVARE,DRS 06 Bauru
52,BADY BASSITT,110.372,17761,132.32,4.65,5.503.085.403,20504.81,3504602,52,45,BADY BASSITT,BADY BASSITT,
53,BALBINOS,91.635,5934,40.4,55.56,1.405.214.424,10405.42,3504701,53,46,BALBINOS,BALBINOS,DRS 06 Bauru
54,BÁLSAMO,149.881,9139,54.18,11.76,2.276.147.872,22575.02,3504800,54,86,BÁLSAMO,BALSAMO,DRS 15 São José do Rio Preto
55,BANANAL,616.429,10993,16.58,21.28,3.169.134.202,16937.75,3504909,55,47,BANANAL,BANANAL,DRS 17 Taubaté
56,BARÃO DE ANTONINA,153.142,3498,20.35,17.54,1.412.696.188,15482.6,3505005,56,56,BARÃO DE ANTONINA,BARAO DE ANTONINA,DRS 06 Bauru
57,BARBOSA,205.212,7468,32.14,11.36,2.006.111.119,12939.48,3505104,57,48,BARBOSA,BARBOSA,DRS 02 Araçatuba
58,BARIRI,444.405,35558,71.14,9.98,9.291.584.917,33185.53,3505203,58,49,BARIRI,BARIRI,DRS 06 Bauru
59,BARRA BONITA,150.121,36126,235.12,13.42,1.034.400.716,35500.64,3505302,59,50,BARRA BONITA,BARRA BONITA,DRS 06 Bauru
60,BARRA DO CHAPÉU,405.681,5760,12.93,27.78,1.645.513.088,14278.54,3505351,60,51,BARRA DO CHAPÉU,BARRA DO CHAPEU,DRS 16 Sorocaba
61,BARRA DO TURVO,1.007.684,7632,7.67,12.05,3.200.527.199,11840.74,3505401,61,52,BARRA DO TURVO,BARRA DO TURVO,DRS 12 Registro
62,BARRETOS,1.566.161,122833,71.6,14.57,54.357.856.644,40046.22,3505500,62,53,BARRETOS,BARRETOS,DRS 05 Barretos
63,BARRINHA,146.025,33180,195.66,8.51,7.259.476.774,15960.29,3505609,63,54,BARRINHA,BARRINHA,DRS 13 Ribeirão Preto
64,BARUERI,65.701,276982,3665.21,8.47,245.013.078.723,186382.33,3505708,64,55,BARUERI,BARUERI,DRS 01 Grande São Paulo
65,BASTOS,170.912,20953,118.95,10.34,5.041.974.043,45791.98,3505807,65,57,BASTOS,BASTOS,DRS 09 Marília
66,BATATAIS,849.526,62980,66.48,14.75,15.720.301.525,25636.34,3505906,66,58,BATATAIS,BATATAIS,DRS 13 Ribeirão Preto
67,BAURU,667.684,379297,515.12,12.98,117.232.348.483,39121.44,3506003,67,59,BAURU,BAURU,DRS 06 Bauru
68,BEBEDOURO,683.192,77555,109.81,9.88,26.294.413.955,43191.17,3506102,68,60,BEBEDOURO,BEBEDOURO,DRS 05 Barretos
69,BENTO DE ABREU,301.687,3005,8.87,32.26,1.617.083.182,56699.61,3506201,69,61,BENTO DE ABREU,BENTO DE ABREU,DRS 02 Araçatuba
70,BERNARDINO DE CAMPOS,244.158,11158,44.12,20.27,2.949.533.563,19777.19,3506300,70,62,BERNARDINO DE CAMPOS,BERNARDINO DE CAMPOS,DRS 09 Marília
71,BERTIOGA,491.546,64723,97.21,16.27,34.953.846.811,27384.29,3506359,71,63,BERTIOGA,BERTIOGA,DRS 04 Baixada Santista
72,BILAC,158.025,8117,44.63,26.67,2.529.308.059,24284.98,3506409,72,64,BILAC,BILAC,DRS 02 Araçatuba
73,BIRIGUI,530.031,124883,204.79,14.67,35.071.805.117,27268.69,3506508,73,65,BIRIGUI,BIRIGUI,DRS 02 Araçatuba
74,BIRITIBA MIRIM,317.406,32936,90.03,15.23,6.401.243.166,21320.35,3506607,74,66,BIRITIBA MIRIM,BIRITIBA MIRIM,
75,BOA ESPERANÇA DO SUL,690.748,15018,19.75,17.65,4.019.062.552,20877.23,3506706,75,67,BOA ESPERANÇA DO SUL,BOA ESPERANCA DO SUL,DRS 03 Araraquara
76,BOCAINA,363.926,12452,29.84,32.00,3.744.281.588,17819.21,3506805,76,68,BOCAINA,BOCAINA,DRS 06 Bauru
77,BOFETE,653.541,11921,14.72,08.06,3.295.507.294,16223.0,3506904,77,69,BOFETE,BOFETE,DRS 06 Bauru
78,BOITUVA,248.954,62170,194.07,11.10,19.051.618.094,39829.36,3507001,78,70,BOITUVA,BOITUVA,DRS 16 Sorocaba
79,BOM JESUS DOS PERDÕES,108.366,25985,181.87,12.16,6.784.087.637,36485.98,3507100,79,71,BOM JESUS DOS PERDÕES,BOM JESUS DOS PERDOES,DRS 07 Campinas
80,BOM SUCESSO DE ITARARÉ,133.578,3984,26.73,14.29,1.489.340.022,15972.41,3507159,80,72,BOM SUCESSO DE ITARARÉ,BOM SUCESSO DE ITARARE,DRS 16 Sorocaba
81,BORÁ,118.951,838,6.8,-,977.339.024,84796.15,3507209,81,76,BORÁ,BORA,DRS 09 Marília
82,BORACÉIA,122.110,4868,34.95,18.18,222.448.319,80228.55,3507308,82,73,BORACÉIA,BORACEIA,DRS 06 Bauru
83,BORBOREMA,552.256,16164,26.31,13.25,4.163.090.222,23374.91,3507407,83,74,BORBOREMA,BORBOREMA,DRS 03 Araraquara
84,BOREBI,347.989,2683,6.59,55.56,1.568.580.692,24905.82,3507456,84,75,BOREBI,BOREBI,DRS 06 Bauru
85,BOTUCATU,1.482.642,148130,85.88,13.99,34.809.799.717,31925.21,3507506,85,77,BOTUCATU,BOTUCATU,DRS 06 Bauru
86,BRAGANÇA PAULISTA,512.584,170533,286.26,8.54,41.956.918.644,37813.45,3507605,86,78,BRAGANÇA PAULISTA,BRAGANCA PAULISTA,DRS 07 Campinas
87,BRAÚNA,195.176,5741,25.7,15.63,1.704.980.737,17435.66,3507704,87,79,BRAÚNA,BRAUNA,DRS 02 Araçatuba
88,BREJO ALEGRE,105.689,2889,24.41,28.57,1.794.573.318,29271.06,3507753,88,80,BREJO ALEGRE,BREJO ALEGRE,DRS 02 Araçatuba
89,BRODOWSKI,278.458,25277,75.8,09.09,6.888.722.289,27203.14,3507803,89,81,BRODOWSKI,BRODOWSKI,DRS 13 Ribeirão Preto
90,BROTAS,1.101.373,24636,19.59,7.33,8.049.501.377,27225.67,3507902,90,82,BROTAS,BROTAS,DRS 06 Bauru
91,BURI,1.196.462,19965,15.52,13.16,6.141.611.714,20905.86,3508009,91,83,BURI,BURI,DRS 16 Sorocaba
92,BURITAMA,326.921,17281,47.19,5.59,6.092.304.761,37385.31,3508108,92,84,BURITAMA,BURITAMA,DRS 02 Araçatuba
93,BURITIZAL,266.420,4514,15.21,55.56,2.245.155.903,40019.23,3508207,93,85,BURITIZAL,BURITIZAL,DRS 08 Franca
94,CABRÁLIA PAULISTA,239.974,4243,18.19,38.46,1.597.261.734,19260.49,3508306,94,88,CABRÁLIA PAULISTA,CABRALIA PAULISTA,DRS 06 Bauru
95,CABREÚVA,260.234,50429,159.87,16.62,19.273.091.119,95518.16,3508405,95,87,CABREÚVA,CABREUVA,DRS 07 Campinas
96,CAÇAPAVA,368.990,95018,229.66,9.50,22.230.583.405,46192.5,3508504,96,117,CAÇAPAVA,CACAPAVA,DRS 17 Taubaté
97,CACHOEIRA PAULISTA,287.990,33581,104.49,17.33,7.832.961.452,18401.78,3508603,97,89,CACHOEIRA PAULISTA,CACHOEIRA PAULISTA,DRS 17 Taubaté
98,CACONDE,468.214,19009,39.44,14.15,4.867.607.968,18846.16,3508702,98,90,CACONDE,CACONDE,DRS 14 São João da Boa Vista
99,CAFELÂNDIA,920.280,17843,18.05,8.89,5.871.812.186,28550.67,3508801,99,91,CAFELÂNDIA,CAFELANDIA,DRS 06 Bauru
100,CAIABU,253.352,4193,16.11,20.83,1.559.789.667,13893.64,3508900,100,92,CAIABU,CAIABU,DRS 11 Presidente Prudente
101,CAIEIRAS,97.642,102775,900.37,7.54,23.756.495.633,35517.31,3509007,101,93,CAIEIRAS,CAIEIRAS,DRS 01 Grande São Paulo
102,CAIUÁ,551.159,5946,9.16,46.51,261.710.968,13036.29,3509106,102,94,CAIUÁ,CAIUA,DRS 11 Presidente Prudente
103,CAJAMAR,131.386,77934,488.18,13.52,3.864.984.297,224359.59,3509205,103,95,CAJAMAR,CAJAMAR,DRS 01 Grande São Paulo
104,CAJATI,454.436,28494,62.43,10.06,842.043.461,50776.98,3509254,104,96,CAJATI,CAJATI,DRS 12 Registro
105,CAJOBI,176.929,10596,55.22,10.42,3.021.652.334,14873.72,3509304,105,97,CAJOBI,CAJOBI,DRS 05 Barretos
106,CAJURU,660.088,26393,35.41,11.73,59.784.761,22061.52,3509403,106,98,CAJURU,CAJURU,DRS 13 Ribeirão Preto
107,CAMPINA DO MONTE ALEGRE,184.479,6057,30.09,26.67,1.947.558.047,18135.71,3509452,107,99,CAMPINA DO MONTE ALEGRE,CAMPINA DO MONTE ALEGRE,DRS 16 Sorocaba
108,CAMPINAS,794.571,1213792,1359.6,8.88,471.997.568.304,51417.44,3509502,108,100,CAMPINAS,CAMPINAS,DRS 07 Campinas
109,CAMPO LIMPO PAULISTA,79.403,85541,932.92,11.35,16.342.727.489,25211.06,3509601,109,101,CAMPO LIMPO PAULISTA,CAMPO LIMPO PAULISTA,DRS 07 Campinas
110,CAMPOS DO JORDÃO,289.981,52405,164.76,7.82,18.037.879.266,24107.48,3509700,110,102,CAMPOS DO JORDÃO,CAMPOS DO JORDAO,DRS 17 Taubaté
111,CAMPOS NOVOS PAULISTA,484.199,4997,9.38,25.97,1.966.472.806,28746.56,3509809,111,103,CAMPOS NOVOS PAULISTA,CAMPOS NOVOS PAULISTA,DRS 09 Marília
112,CANANÉIA,1.237.354,12541,9.86,10.53,4.726.034.112,23977.74,3509908,112,104,CANANÉIA,CANANEIA,DRS 12 Registro
113,CANAS,53.261,5204,82.33,47.06,2.046.471.278,20623.06,3509957,113,105,CANAS,CANAS,DRS 17 Taubaté
114,CÂNDIDO MOTA,595.811,31346,50.12,14.84,9.180.050.762,37372.6,3510005,114,143,CÂNDIDO MOTA,CANDIDO MOTA,DRS 09 Marília
115,CÂNDIDO RODRIGUES,70.892,2799,37.94,47.62,1.417.740.555,35917.03,3510104,115,144,CÂNDIDO RODRIGUES,CANDIDO RODRIGUES,DRS 03 Araraquara
116,CANITAR,57.459,5292,76.34,28.57,1.700.702.541,36713.02,3510153,116,106,CANITAR,CANITAR,DRS 09 Marília
117,CAPÃO BONITO,1.640.230,47118,28.15,8.97,12.248.296.613,19221.42,3510203,117,109,CAPÃO BONITO,CAPAO BONITO,DRS 16 Sorocaba
118,CAPELA DO ALTO,169.890,20985,103.2,14.04,5.183.196.495,13344.01,3510302,118,107,CAPELA DO ALTO,CAPELA DO ALTO,DRS 16 Sorocaba
119,CAPIVARI,322.878,56379,150.45,16.13,19.216.205.772,37353.4,3510401,119,108,CAPIVARI,CAPIVARI,DRS 10 Piracicaba
120,CARAGUATATUBA,484.947,123389,207.88,13.09,5.953.609.078,27802.88,3510500,120,110,CARAGUATATUBA,CARAGUATATUBA,DRS 17 Taubaté
121,CARAPICUÍBA,34.546,403183,10698.32,10.77,41.606.726.676,14413.33,3510609,121,111,CARAPICUÍBA,CARAPICUIBA,DRS 01 Grande São Paulo
122,CARDOSO,639.248,12349,18.45,14.29,4.032.040.495,20770.49,3510708,122,112,CARDOSO,CARDOSO,DRS 15 São José do Rio Preto
123,CASA BRANCA,864.225,30520,32.76,6.33,9.269.325.741,27488.44,3510807,123,113,CASA BRANCA,CASA BRANCA,DRS 14 São João da Boa Vista
124,CÁSSIA DOS COQUEIROS,191.683,2505,13.74,47.62,129.997.879,58581.94,3510906,124,142,CÁSSIA DOS COQUEIROS,CASSIA DOS COQUEIROS,DRS 13 Ribeirão Preto
125,CASTILHO,1.065.318,21267,16.89,24.39,7.716.998.419,41708.15,3511003,125,114,CASTILHO,CASTILHO,DRS 02 Araçatuba
126,CATANDUVA,290.596,122497,388.24,8.14,40.370.092.796,34611.18,3511102,126,115,CATANDUVA,CATANDUVA,DRS 15 São José do Rio Preto
127,CATIGUÁ,148.393,7855,48.03,10.75,1.943.758.657,15079.11,3511201,127,116,CATIGUÁ,CATIGUA,DRS 15 São José do Rio Preto
128,CEDRAL,197.838,9346,40.33,19.61,3.096.082.651,34238.37,3511300,128,118,CEDRAL,CEDRAL,DRS 15 São José do Rio Preto
129,CERQUEIRA CÉSAR,511.621,20191,34.27,4.10,642.727.041,30605.21,3511409,129,119,CERQUEIRA CÉSAR,CERQUEIRA CESAR,DRS 06 Bauru
130,CERQUILHO,127.803,49802,309.98,5.96,13.870.953.714,38133.41,3511508,130,120,CERQUILHO,CERQUILHO,DRS 16 Sorocaba
131,CESÁRIO LANGE,190.392,18375,81.46,21.28,5.341.386.635,24128.03,3511607,131,121,CESÁRIO LANGE,CESARIO LANGE,DRS 16 Sorocaba
132,CHARQUEADA,175.846,17367,85.79,19.42,3.858.850.552,20806.95,3511706,132,122,CHARQUEADA,CHARQUEADA,DRS 10 Piracicaba
133,CLEMENTINA,168.590,8757,41.85,8.55,2.523.684.461,25945.35,3511904,134,124,CLEMENTINA,CLEMENTINA,DRS 02 Araçatuba
134,COLINA,422.303,18535,41.11,8.10,6.947.246.161,60218.14,3512001,135,125,COLINA,COLINA,DRS 05 Barretos
135,COLÔMBIA,728.648,6216,8.22,11.76,3.861.876.712,53207.43,3512100,136,126,COLÔMBIA,COLOMBIA,DRS 05 Barretos
136,CONCHAL,182.793,28273,138.02,12.20,8.641.317.651,24884.49,3512209,137,127,CONCHAL,CONCHAL,DRS 10 Piracicaba
137,CONCHAS,466.120,18019,34.95,9.62,5.064.558.986,19830.73,3512308,138,128,CONCHAS,CONCHAS,DRS 06 Bauru
138,CORDEIRÓPOLIS,137.579,24826,153.22,3.55,12.167.231.628,116519.63,3512407,139,129,CORDEIRÓPOLIS,CORDEIROPOLIS,DRS 10 Piracicaba
139,COROADOS,246.825,6129,21.26,13.89,1.840.657.198,27648.49,3512506,140,130,COROADOS,COROADOS,DRS 02 Araçatuba
140,CORONEL MACEDO,303.830,4635,16.45,18.52,1.898.206.845,16258.72,3512605,141,131,CORONEL MACEDO,CORONEL MACEDO,DRS 06 Bauru
141,CORUMBATAÍ,278.622,4064,13.9,18.87,2.344.837.991,61418.68,3512704,142,132,CORUMBATAÍ,CORUMBATAI,DRS 10 Piracicaba
142,COSMÓPOLIS,154.665,73474,380.37,10.83,14.844.159.284,22410.36,3512803,143,134,COSMÓPOLIS,COSMOPOLIS,DRS 07 Campinas
143,COSMORAMA,441.680,7298,16.33,33.33,2.564.712.509,45912.53,3512902,144,133,COSMORAMA,COSMORAMA,DRS 15 São José do Rio Preto
144,COTIA,323.994,253608,620.81,7.42,72.086.657.794,51225.49,3513009,145,135,COTIA,COTIA,DRS 01 Grande São Paulo
145,CRAVINHOS,311.423,35579,101.77,12.44,111.134.667,34165.63,3513108,146,136,CRAVINHOS,CRAVINHOS,DRS 13 Ribeirão Preto
146,CRISTAIS PAULISTA,385.230,8718,19.7,16.53,2.548.163.482,22617.1,3513207,147,137,CRISTAIS PAULISTA,CRISTAIS PAULISTA,DRS 08 Franca
147,CRUZÁLIA,149.330,2046,15.26,43.48,146.318.345,49778.13,3513306,148,139,CRUZÁLIA,CRUZALIA,DRS 09 Marília
148,CRUZEIRO,305.699,82571,252.01,14.05,14.734.817.894,29743.19,3513405,149,138,CRUZEIRO,CRUZEIRO,DRS 17 Taubaté
149,CUBATÃO,142.879,131626,830.91,13.58,9.851.541.083,101597.09,3513504,150,140,CUBATÃO,CUBATAO,DRS 04 Baixada Santista
150,CUNHA,1.407.250,21459,15.54,4.15,5.132.950.024,11971.43,3513603,151,141,CUNHA,CUNHA,DRS 17 Taubaté
151,DESCALVADO,753.706,33910,41.2,8.36,9.257.565.685,47327.8,3513702,152,145,DESCALVADO,DESCALVADO,DRS 03 Araraquara
152,DIADEMA,30.732,426757,12536.99,12.41,121.270.415.444,34855.75,3513801,153,146,DIADEMA,DIADEMA,DRS 01 Grande São Paulo
153,DIRCE REIS,88.133,1799,19.12,111.11,1.293.980.784,32133.62,3513850,154,147,DIRCE REIS,DIRCE REIS,DRS 15 São José do Rio Preto
154,DIVINOLÂNDIA,223.749,11086,50.46,8.62,3.118.057.134,24940.84,3513900,155,148,DIVINOLÂNDIA,DIVINOLANDIA,DRS 14 São João da Boa Vista
155,DOBRADA,149.729,9010,53.02,16.67,1.890.998.197,13045.55,3514007,156,149,DOBRADA,DOBRADA,DRS 03 Araraquara
156,DOIS CÓRREGOS,632.972,27512,39.12,11.98,6.973.672.159,23896.69,3514106,157,150,DOIS CÓRREGOS,DOIS CORREGOS,DRS 06 Bauru
157,DOLCINÓPOLIS,77.939,2112,26.76,-,981.463.877,21845.64,3514205,158,151,DOLCINÓPOLIS,DOLCINOPOLIS,DRS 15 São José do Rio Preto
158,DOURADO,205.874,8878,41.82,31.25,274.537.845,70723.95,3514304,159,152,DOURADO,DOURADO,DRS 03 Araraquara
159,DRACENA,487.688,47043,88.64,10.18,10.936.069.292,25779.84,3514403,160,153,DRACENA,DRACENA,DRS 11 Presidente Prudente
160,DUARTINA,264.557,12433,46.31,6.80,3.479.601.249,19047.83,3514502,161,154,DUARTINA,DUARTINA,DRS 06 Bauru
161,DUMONT,111.376,10023,73.13,9.71,2.584.689.081,23587.84,3514601,162,155,DUMONT,DUMONT,DRS 13 Ribeirão Preto
162,ECHAPORÃ,515.258,6064,12.26,24.69,2.162.941.985,20426.97,3514700,163,156,ECHAPORÃ,ECHAPORA,DRS 09 Marília
163,ELDORADO,1.654.256,15544,8.85,14.56,3.975.467.225,20795.32,3514809,164,157,ELDORADO,ELDORADO,DRS 12 Registro
164,ELIAS FAUSTO,202.360,17936,77.83,14.42,5.215.579.784,40144.54,3514908,165,158,ELIAS FAUSTO,ELIAS FAUSTO,DRS 10 Piracicaba
165,ELISIÁRIO,93.980,3697,33.2,26.32,1.507.041.166,17685.0,3514924,166,159,ELISIÁRIO,ELISIARIO,DRS 15 São José do Rio Preto
166,EMBAÚBA,83.129,2449,29.15,55.56,1.403.784.829,21238.83,3514957,167,160,EMBAÚBA,EMBAUBA,DRS 15 São José do Rio Preto
167,EMBU DAS ARTES,70.398,276535,3412.89,11.41,55.980.658.715,48914.66,3515004,168,161,EMBU DAS ARTES,EMBU DAS ARTES,
168,EMBU-GUAÇU,155.641,69901,403.32,5.95,12.715.569.309,16293.33,3515103,169,162,EMBU-GUAÇU,EMBU-GUACU,DRS 01 Grande São Paulo
169,EMILIANÓPOLIS,225.167,3227,13.45,25.00,1.395.866.666,19284.0,3515129,170,163,EMILIANÓPOLIS,EMILIANOPOLIS,DRS 11 Presidente Prudente
170,ENGENHEIRO COELHO,109.941,21249,142.99,7.35,502.249.802,32701.36,3515152,171,164,ENGENHEIRO COELHO,ENGENHEIRO COELHO,DRS 10 Piracicaba
171,ESPÍRITO SANTO DO PINHAL,389.235,44471,107.61,4.18,9.830.415.753,32436.36,3515186,172,165,ESPÍRITO SANTO DO PINHAL,ESPIRITO SANTO DO PINHAL,DRS 14 São João da Boa Vista
172,ESPÍRITO SANTO DO TURVO,193.666,4878,21.92,45.45,1.794.254.007,16466.12,3515194,173,166,ESPÍRITO SANTO DO TURVO,ESPIRITO SANTO DO TURVO,DRS 09 Marília
173,ESTRELA D'OESTE,296.281,8419,27.69,18.35,3.289.195.349,74377.84,3515202,175,168,ESTRELA D'OESTE,ESTRELA D'OESTE,DRS 15 São José do Rio Preto
174,ESTRELA DO NORTE,264.987,2770,10.09,27.78,1.434.214.864,18316.56,3515301,176,169,ESTRELA DO NORTE,ESTRELA DO NORTE,DRS 11 Presidente Prudente
175,EUCLIDES DA CUNHA PAULISTA,573.894,9325,16.66,27.27,2.647.153.319,16893.29,3515350,177,170,EUCLIDES DA CUNHA PAULISTA,EUCLIDES DA CUNHA PAULISTA,DRS 11 Presidente Prudente
176,FARTURA,429.171,16070,35.7,5.00,4.395.959.744,23162.82,3515400,178,171,FARTURA,FARTURA,DRS 06 Bauru
177,FERNANDÓPOLIS,549.797,69402,117.62,17.65,17.468.338.965,29148.74,3515509,180,173,FERNANDÓPOLIS,FERNANDOPOLIS,DRS 15 São José do Rio Preto
178,FERNANDO PRESTES,169.990,5794,32.43,14.93,1.967.936.307,33167.17,3515608,179,172,FERNANDO PRESTES,FERNANDO PRESTES,DRS 15 São José do Rio Preto
179,FERNÃO,100.504,1727,15.51,55.56,1.148.403.755,29359.98,3515657,181,174,FERNÃO,FERNAO,DRS 09 Marília
180,FERRAZ DE VASCONCELOS,29.564,196500,5692.55,11.03,26.726.232.101,16344.03,3515707,182,175,FERRAZ DE VASCONCELOS,FERRAZ DE VASCONCELOS,DRS 01 Grande São Paulo
181,FLORA RICA,224.711,1430,7.78,45.45,1.214.719.562,25329.16,3515806,183,176,FLORA RICA,FLORA RICA,DRS 11 Presidente Prudente
182,FLOREAL,204.236,2900,14.7,55.56,1.743.996.057,21806.07,3515905,184,177,FLOREAL,FLOREAL,DRS 15 São José do Rio Preto
183,FLÓRIDA PAULISTA,524.138,14790,24.47,23.08,3.187.861.943,14264.37,3516002,185,179,FLÓRIDA PAULISTA,FLORIDA PAULISTA,DRS 09 Marília
184,FLORÍNEA,225.886,2653,12.54,25.00,165.833.992,50422.89,3516101,186,178,FLORÍNEA,FLORINEA,
185,FRANCA,605.679,355901,526.09,8.80,69.376.486.769,28518.78,3516200,187,180,FRANCA,FRANCA,DRS 08 Franca
186,FRANCISCO MORATO,49.001,177633,3147.8,10.93,28.306.188.222,8719.4,3516309,188,181,FRANCISCO MORATO,FRANCISCO MORATO,DRS 01 Grande São Paulo
187,FRANCO DA ROCHA,132.775,156492,980.95,14.24,28.328.564.064,19650.05,3516408,189,182,FRANCO DA ROCHA,FRANCO DA ROCHA,DRS 01 Grande São Paulo
188,GABRIEL MONTEIRO,138.681,2776,19.55,40.00,138.922.692,26699.71,3516507,190,183,GABRIEL MONTEIRO,GABRIEL MONTEIRO,DRS 02 Araçatuba
189,GÁLIA,355.914,6482,19.69,38.46,207.128.507,21643.97,3516606,191,209,GÁLIA,GALIA,DRS 09 Marília
190,GARÇA,555.807,44409,77.6,16.98,13.660.683.684,26874.37,3516705,192,184,GARÇA,GARCA,DRS 09 Marília
191,GASTÃO VIDIGAL,180.569,4860,23.17,45.45,1.522.179.347,16095.7,3516804,193,185,GASTÃO VIDIGAL,GASTAO VIDIGAL,DRS 15 São José do Rio Preto
192,GAVIÃO PEIXOTO,243.766,4815,18.13,14.49,3.704.895.802,186287.72,3516853,194,186,GAVIÃO PEIXOTO,GAVIAO PEIXOTO,DRS 03 Araraquara
193,GENERAL SALGADO,494.376,10862,21.63,8.20,4.419.869.202,22848.77,3516903,195,187,GENERAL SALGADO,GENERAL SALGADO,DRS 15 São José do Rio Preto
194,GETULINA,676.755,11447,15.86,10.00,2.748.055.568,16284.53,3517000,196,188,GETULINA,GETULINA,DRS 06 Bauru
195,GLICÉRIO,272.800,4829,16.69,15.38,1.852.322.084,21142.62,3517109,197,189,GLICÉRIO,GLICERIO,DRS 02 Araçatuba
196,GUAIÇARA,277.154,12294,39.35,12.50,2.977.761.906,16298.89,3517208,198,191,GUAIÇARA,GUAICARA,DRS 06 Bauru
197,GUAIMBÊ,217.811,5785,24.88,11.24,1.931.637.921,13163.82,3517307,199,190,GUAIMBÊ,GUAIMBE,DRS 09 Marília
198,GUAÍRA,1.258.465,41040,29.72,6.26,15.656.554.772,80169.84,3517406,200,207,GUAÍRA,GUAIRA,DRS 05 Barretos
199,GUAPIAÇU,325.126,21775,55.0,4.17,6.187.292.947,26008.59,3517505,201,193,GUAPIAÇU,GUAPIACU,DRS 15 São José do Rio Preto
200,GUAPIARA,408.292,17025,44.08,36.76,4.456.750.092,18874.32,3517604,202,192,GUAPIARA,GUAPIARA,DRS 16 Sorocaba
201,GUARÁ,362.183,21308,54.78,4.17,5.490.499.999,20804.61,3517703,203,205,GUARÁ,GUARA,DRS 08 Franca
202,GUARAÇAÍ,569.197,8290,14.8,42.25,2.590.289.786,32770.4,3517802,204,200,GUARAÇAÍ,GUARACAI,DRS 02 Araçatuba
203,GUARACI,641.501,11287,15.55,16.26,4.717.214.591,29683.17,3517901,205,194,GUARACI,GUARACI,DRS 05 Barretos
204,GUARANI D'OESTE,85.700,1998,23.03,50.00,1.161.059.837,17755.48,3518008,206,195,GUARANÍ D'OESTE,GUARANI D'OESTE,DRS 15 São José do Rio Preto
205,GUARANTÃ,461.746,6675,13.89,44.12,1.891.666.553,26176.16,3518107,207,196,GUARANTÃ,GUARANTA,DRS 09 Marília
206,GUARARAPES,955.637,33100,31.99,10.81,8.691.560.146,27764.52,3518206,208,197,GUARARAPES,GUARARAPES,DRS 02 Araçatuba
207,GUARAREMA,270.816,30136,95.43,9.85,16.131.960.779,47997.77,3518305,209,198,GUARAREMA,GUARAREMA,DRS 01 Grande São Paulo
208,GUARATINGUETÁ,752.636,122505,148.91,13.79,30.489.553.466,46849.29,3518404,210,199,GUARATINGUETÁ,GUARATINGUETA,DRS 17 Taubaté
209,GUAREÍ,567.884,18887,25.72,6.58,3.644.106.027,12279.22,3518503,211,201,GUAREÍ,GUAREI,DRS 16 Sorocaba
210,GUARIBA,270.289,40487,131.29,9.96,9.482.885.351,22657.16,3518602,212,202,GUARIBA,GUARIBA,DRS 13 Ribeirão Preto
211,GUARUJÁ,144.794,322750,2026.8,18.51,115.355.418.582,27031.81,3518701,213,203,GUARUJÁ,GUARUJA,DRS 04 Baixada Santista
212,GUARULHOS,318.675,1392121,3834.51,11.59,398.543.868.069,44897.7,3518800,214,204,GUARULHOS,GUARULHOS,DRS 01 Grande São Paulo
213,GUATAPARÁ,413.567,7709,16.84,18.18,2.667.109.258,28000.56,3518859,215,206,GUATAPARÁ,GUATAPARA,DRS 13 Ribeirão Preto
214,GUZOLÂNDIA,252.477,5307,18.86,16.13,1.760.196.305,12594.84,3518909,216,208,GUZOLÂNDIA,GUZOLANDIA,DRS 02 Araçatuba
215,HERCULÂNDIA,364.252,9588,23.85,9.71,22.891.195,33182.41,3519006,217,210,HERCULÂNDIA,HERCULANDIA,DRS 09 Marília
216,HOLAMBRA,65.577,15272,172.3,4.67,6.793.448.903,66537.66,3519055,218,211,HOLAMBRA,HOLAMBRA,DRS 07 Campinas
217,HORTOLÂNDIA,62.416,234259,3094.16,08.08,67.418.619.628,57691.75,3519071,219,212,HORTOLÂNDIA,HORTOLANDIA,DRS 07 Campinas
218,IACANGA,547.393,11858,18.29,7.63,412.838.993,37023.57,3519105,220,213,IACANGA,IACANGA,DRS 06 Bauru
219,IACRI,321.948,6295,19.9,17.86,1.717.247.081,30157.75,3519204,221,214,IACRI,IACRI,DRS 09 Marília
220,IARAS,401.381,9517,15.89,54.05,2.349.336.282,17031.66,3519253,222,215,IARAS,IARAS,DRS 06 Bauru
221,IBATÉ,290.978,35472,105.74,3.98,8.251.537.296,24454.14,3519303,223,216,IBATÉ,IBATE,DRS 03 Araraquara
222,IBIRÁ,271.912,12518,40.07,13.70,3.714.219.875,20475.08,3519402,224,218,IBIRÁ,IBIRA,DRS 15 São José do Rio Preto
223,IBIRAREMA,228.230,7841,29.45,29.85,2.389.156.961,23951.1,3519501,225,217,IBIRAREMA,IBIRAREMA,DRS 09 Marília
224,IBITINGA,689.391,60600,77.12,13.48,13.435.173.134,25630.47,3519600,226,219,IBITINGA,IBITINGA,DRS 03 Araraquara
225,IBIÚNA,1.058.082,79479,67.31,12.74,1.840.892.641,21746.5,3519709,227,220,IBIÚNA,IBIUNA,DRS 16 Sorocaba
226,ICÉM,362.355,8304,20.58,27.27,3.359.575.417,21243.2,3519808,228,221,ICÉM,ICEM,DRS 15 São José do Rio Preto
227,IEPÊ,594.974,8194,12.81,19.42,301.662.191,30435.64,3519907,229,222,IEPÊ,IEPE,DRS 11 Presidente Prudente
228,IGARAÇU DO TIETÊ,97.747,24749,239.07,20.76,5.917.584.358,12335.36,3520004,230,225,IGARAÇÚ DO TIETÊ,IGARACU DO TIETE,DRS 06 Bauru
229,IGARAPAVA,468.355,30614,59.7,6.71,828.253.599,39002.62,3520103,231,223,IGARAPAVA,IGARAPAVA,DRS 08 Franca
230,IGARATÁ,292.953,9583,30.14,8.20,3.853.221.607,19049.08,3520202,232,224,IGARATÁ,IGARATA,DRS 17 Taubaté
231,IGUAPE,1.978.795,30989,14.58,32.79,8.926.986.164,38078.83,3520301,233,226,IGUAPE,IGUAPE,DRS 12 Registro
232,ILHABELA,346.389,35591,81.13,9.43,41.701.791.236,419457.22,3520400,236,229,ILHABELA,ILHABELA,
233,ILHA COMPRIDA,196.567,11362,47.01,6.29,9.302.952.622,122204.12,3520426,234,227,ILHA COMPRIDA,ILHA COMPRIDA,DRS 12 Registro
234,ILHA SOLTEIRA,652.641,26788,38.42,14.04,11.143.211.982,23525.05,3520442,235,228,ILHA SOLTEIRA,ILHA SOLTEIRA,DRS 02 Araçatuba
235,INDAIATUBA,311.545,256223,646.11,9.70,95.951.237.517,63166.46,3520509,237,230,INDAIATUBA,INDAIATUBA,DRS 07 Campinas
236,INDIANA,129.367,4879,38.11,18.18,1.567.878.153,13109.17,3520608,238,231,INDIANA,INDIANA,DRS 11 Presidente Prudente
237,INDIAPORÃ,279.606,3886,13.96,20.41,1.898.209.407,24449.85,3520707,239,232,INDIAPORÃ,INDIAPORA,DRS 15 São José do Rio Preto
238,INÚBIA PAULISTA,87.119,4019,41.53,-,1.435.947.921,34888.1,3520806,240,233,INÚBIA PAULISTA,INUBIA PAULISTA,DRS 09 Marília
239,IPAUSSU,209.554,15069,65.17,15.71,4.259.493.842,25086.47,3520905,241,234,IPAUSSU,IPAUSSU,DRS 09 Marília
240,IPERÓ,170.289,37964,166.2,11.49,8.268.638.315,17873.0,3521002,242,235,IPERÓ,IPERO,DRS 16 Sorocaba
241,IPEÚNA,190.010,7687,31.66,9.62,2.638.376.638,94080.97,3521101,243,236,IPEÚNA,IPEUNA,DRS 10 Piracicaba
242,IPIGUÁ,136.028,5476,32.89,20.00,1.814.167.521,20253.65,3521150,244,237,IPIGUÁ,IPIGUA,DRS 15 São José do Rio Preto
243,IPORANGA,1.152.059,4199,3.73,17.54,1.938.515.534,12098.74,3521200,245,238,IPORANGA,IPORANGA,DRS 12 Registro
244,IPUÃ,466.461,16604,30.37,10.53,5.448.504.373,22139.12,3521309,246,239,IPUÃ,IPUA,DRS 08 Franca
245,IRACEMÁPOLIS,115.118,24614,173.99,8.62,7.610.780.334,83477.19,3521408,247,240,IRACEMÁPOLIS,IRACEMAPOLIS,DRS 10 Piracicaba
246,IRAPUÃ,257.612,8048,28.21,12.50,2.079.486.392,19748.75,3521507,248,242,IRAPUÃ,IRAPUA,DRS 15 São José do Rio Preto
247,IRAPURU,214.461,8325,36.24,25.00,1.815.140.176,10659.85,3521606,249,241,IRAPURU,IRAPURU,DRS 11 Presidente Prudente
248,ITABERÁ,1.100.247,17480,16.08,32.26,521.254.518,29569.7,3521705,250,243,ITABERÁ,ITABERA,DRS 16 Sorocaba
249,ITAÍ,1.092.884,27382,22.17,03.03,7.614.201.532,22376.97,3521804,251,262,ITAÍ,ITAI,DRS 06 Bauru
250,ITAJOBI,502.066,15297,28.99,17.24,6.368.173.156,105038.02,3521903,252,244,ITAJOBI,ITAJOBI,DRS 15 São José do Rio Preto
251,ITAJU,230.355,3887,14.12,31.25,1.572.953.704,23089.26,3522000,253,245,ITAJU,ITAJU,DRS 06 Bauru
252,ITANHAÉM,601.711,103102,144.69,7.20,3.783.863.151,18763.24,3522109,254,246,ITANHAÉM,ITANHAEM,DRS 04 Baixada Santista
253,ITAOCA,183.015,3330,17.64,47.62,1.617.857.517,12416.89,3522158,255,247,ITAOCA,ITAOCA,DRS 16 Sorocaba
254,ITAPECERICA DA SERRA,150.742,177662,1011.57,10.39,36.630.484.686,21079.61,3522208,256,248,ITAPECERICA DA SERRA,ITAPECERICA DA SERRA,DRS 01 Grande São Paulo
255,ITAPETININGA,1.789.350,165526,80.65,15.60,42.675.460.157,29304.81,3522307,257,249,ITAPETININGA,ITAPETININGA,DRS 16 Sorocaba
256,ITAPEVA,1.826.258,94804,48.05,08.01,26.397.264.795,26860.38,3522406,258,250,ITAPEVA,ITAPEVA,DRS 16 Sorocaba
257,ITAPEVI,82.658,240961,2428.88,11.69,53.397.066.809,51939.22,3522505,259,251,ITAPEVI,ITAPEVI,DRS 01 Grande São Paulo
258,ITAPIRA,518.416,75234,132.21,23.66,25.034.039.636,52565.34,3522604,260,252,ITAPIRA,ITAPIRA,DRS 14 São João da Boa Vista
259,ITAPIRAPUÃ PAULISTA,406.478,4268,9.55,30.30,158.424.124,9994.74,3522653,261,253,ITAPIRAPUÃ PAULISTA,ITAPIRAPUA PAULISTA,DRS 16 Sorocaba
260,ITÁPOLIS,996.747,43331,40.18,13.19,10.805.313.907,30504.92,3522703,262,269,ITÁPOLIS,ITAPOLIS,DRS 03 Araraquara
261,ITAPORANGA,507.997,15173,28.66,20.20,3.498.269.882,21229.91,3522802,263,254,ITAPORANGA,ITAPORANGA,DRS 06 Bauru
262,ITAPUÍ,140.023,14147,86.46,32.47,4.032.040.542,48103.23,3522901,264,256,ITAPUÍ,ITAPUI,DRS 06 Bauru
263,ITAPURA,301.653,4951,14.46,25.00,2.297.943.781,18828.79,3523008,265,255,ITAPURA,ITAPURA,DRS 02 Araçatuba
264,ITAQUAQUECETUBA,82.622,375011,3895.24,12.92,57.377.286.888,19678.54,3523107,266,257,ITAQUAQUECETUBA,ITAQUAQUECETUBA,DRS 01 Grande São Paulo
265,ITARARÉ,1.003.860,50642,47.76,15.55,10.027.038.884,17452.03,3523206,267,258,ITARARÉ,ITARARE,DRS 16 Sorocaba
266,ITARIRI,273.667,17598,56.53,12.82,3.488.620.054,15990.63,3523305,268,259,ITARIRI,ITARIRI,DRS 12 Registro
267,ITATIBA,322.276,122581,314.9,8.54,36.819.590.964,50811.86,3523404,269,260,ITATIBA,ITATIBA,DRS 07 Campinas
268,ITATINGA,979.817,20921,18.42,3.64,6.068.049.774,20051.45,3523503,270,261,ITATINGA,ITATINGA,DRS 06 Bauru
269,ITIRAPINA,564.603,18387,27.49,11.70,6.336.974.657,22943.13,3523602,271,263,ITIRAPINA,ITIRAPINA,DRS 10 Piracicaba
270,ITIRAPUÃ,161.118,6543,36.71,28.99,1.768.896.235,15275.66,3523701,272,264,ITIRAPUÃ,ITIRAPUA,DRS 08 Franca
271,ITOBI,138.986,7852,54.2,35.71,1.657.964.617,15939.55,3523800,273,265,ITOBI,ITOBI,DRS 14 São João da Boa Vista
272,ITU,640.719,175568,241.01,11.21,53.016.351.302,45461.13,3523909,274,266,ITU,ITU,DRS 16 Sorocaba
273,ITUPEVA,200.816,62813,223.38,16.53,22.537.151.487,112159.24,3524006,275,267,ITUPEVA,ITUPEVA,DRS 07 Campinas
274,ITUVERAVA,704.659,42045,54.87,6.24,13.606.657.043,36651.33,3524105,276,268,ITUVERAVA,ITUVERAVA,DRS 08 Franca
275,JABORANDI,273.438,6946,24.11,48.39,258.157.643,19946.28,3524204,277,270,JABORANDI,JABORANDI,DRS 05 Barretos
276,JABOTICABAL,706.602,77652,101.42,13.02,26.987.444.489,37818.06,3524303,278,271,JABOTICABAL,JABOTICABAL,DRS 13 Ribeirão Preto
277,JACAREÍ,464.272,235416,454.94,11.05,79.561.947.276,54796.98,3524402,279,272,JACAREÍ,JACAREI,DRS 17 Taubaté
278,JACI,145.133,7196,38.87,11.49,2.316.848.995,56703.27,3524501,280,273,JACI,JACI,DRS 15 São José do Rio Preto
279,JACUPIRANGA,704.189,17889,24.44,11.45,4.247.718.526,29728.97,3524600,281,274,JACUPIRANGA,JACUPIRANGA,DRS 12 Registro
280,JAGUARIÚNA,141.391,58722,313.37,8.75,30.243.147.496,205080.73,3524709,282,275,JAGUARIÚNA,JAGUARIUNA,DRS 07 Campinas
281,JALES,368.574,49201,127.57,9.69,13.560.682.028,31555.69,3524808,283,276,JALES,JALES,DRS 15 São José do Rio Preto
282,JAMBEIRO,184.413,6717,29.01,59.70,2.767.064.067,36754.0,3524907,284,277,JAMBEIRO,JAMBEIRO,DRS 17 Taubaté
283,JANDIRA,17.449,126356,6207.76,11.67,23.598.583.921,32512.79,3525003,285,278,JANDIRA,JANDIRA,DRS 01 Grande São Paulo
284,JARDINÓPOLIS,501.870,44970,74.99,14.52,12.044.774.933,25060.21,3525102,286,279,JARDINÓPOLIS,JARDINOPOLIS,DRS 13 Ribeirão Preto
285,JARINU,207.549,30617,114.85,6.33,10.796.003.669,85221.43,3525201,287,280,JARINU,JARINU,DRS 07 Campinas
286,JAÚ,687.103,151881,191.09,11.66,361304.59,31855.35,3525300,288,281,JAÚ,JAU,DRS 06 Bauru
287,JERIQUARA,141.971,3151,22.26,20.83,1.576.701.664,26005.63,3525409,289,282,JERIQUARA,JERIQUARA,DRS 08 Franca
288,JOANÓPOLIS,374.293,13338,31.44,7.25,3.582.519.274,16262.42,3525508,290,283,JOANÓPOLIS,JOANOPOLIS,DRS 07 Campinas
289,JOÃO RAMALHO,415.452,4551,9.99,16.13,190.481.281,26890.88,3525607,291,285,JOÃO RAMALHO,JOAO RAMALHO,DRS 11 Presidente Prudente
290,JOSÉ BONIFÁCIO,860.200,37366,38.1,4.26,8.504.946.331,36031.7,3525706,292,284,JOSÉ BONIFÁCIO,JOSE BONIFACIO,DRS 15 São José do Rio Preto
291,JÚLIO MESQUITA,128.183,4800,34.55,34.48,1.629.430.831,10759.02,3525805,293,291,JÚLIO MESQUITA,JULIO MESQUITA,DRS 09 Marília
292,JUMIRIM,56.685,3418,49.36,29.41,159.385.812,39671.59,3525854,294,286,JUMIRIM,JUMIRIM,DRS 16 Sorocaba
293,JUNDIAÍ,431.207,423006,858.42,10.55,185.620.008.543,105187.65,3525904,295,287,JUNDIAÍ,JUNDIAI,DRS 07 Campinas
294,JUNQUEIRÓPOLIS,582.565,20831,32.12,8.55,6.010.534.605,28071.57,3526001,296,288,JUNQUEIRÓPOLIS,JUNQUEIROPOLIS,DRS 11 Presidente Prudente
295,JUQUIÁ,812.799,18718,23.68,17.99,4.332.419.616,17394.7,3526100,297,290,JUQUIÁ,JUQUIA,DRS 12 Registro
296,JUQUITIBA,522.169,31646,55.03,4.42,7.319.019.701,16452.82,3526209,298,289,JUQUITIBA,JUQUITIBA,DRS 01 Grande São Paulo
297,LAGOINHA,255.472,4889,18.95,40.00,1.538.531.473,11542.06,3526308,299,292,LAGOINHA,LAGOINHA,DRS 17 Taubaté
298,LARANJAL PAULISTA,384.274,28785,65.75,09.04,8.013.234.929,39397.31,3526407,300,293,LARANJAL PAULISTA,LARANJAL PAULISTA,DRS 06 Bauru
299,LAVÍNIA,537.675,12285,16.33,14.49,3.192.057.164,13500.89,3526506,301,295,LAVÍNIA,LAVINIA,DRS 02 Araçatuba
300,LAVRINHAS,167.067,7311,39.45,30.93,2.142.597.988,15256.91,3526605,302,294,LAVRINHAS,LAVRINHAS,DRS 17 Taubaté
301,LEME,402.871,104346,227.75,09.07,28.262.706.268,31320.57,3526704,303,296,LEME,LEME,DRS 10 Piracicaba
302,LENÇÓIS PAULISTA,809.541,68990,75.88,5.81,2.092.687.412,38890.38,3526803,304,297,LENÇÓIS PAULISTA,LENCOIS PAULISTA,DRS 06 Bauru
303,LIMEIRA,580.711,308482,475.32,08.01,9.005.214.526,43440.26,3526902,305,298,LIMEIRA,LIMEIRA,DRS 10 Piracicaba
304,LINDÓIA,48.756,8092,137.67,28.57,3.062.069.173,23184.72,3527009,306,299,LINDÓIA,LINDOIA,DRS 07 Campinas
305,LINS,570.058,78503,124.98,10.66,1.828.737.478,48837.12,3527108,307,300,LINS,LINS,DRS 06 Bauru
306,LORENA,414.160,89125,199.29,7.92,18.799.075.789,32021.36,3527207,308,301,LORENA,LORENA,DRS 17 Taubaté
307,LOURDES,113.940,2300,18.71,90.91,1.204.396.269,17580.34,3527256,309,302,LOURDES,LOURDES,DRS 02 Araçatuba
308,LOUVEIRA,55.133,49993,673.37,15.04,38.352.537.831,229610.7,3527306,310,303,LOUVEIRA,LOUVEIRA,DRS 07 Campinas
309,LUCÉLIA,314.810,21886,63.17,5.85,4.459.398.147,20420.77,3527405,311,305,LUCÉLIA,LUCELIA,DRS 09 Marília
310,LUCIANÓPOLIS,189.536,2403,11.85,35.71,1.290.607.153,23901.68,3527504,312,304,LUCIANÓPOLIS,LUCIANOPOLIS,DRS 06 Bauru
311,LUÍS ANTÔNIO,598.257,15292,18.85,26.60,6.072.143.339,103433.56,3527603,313,309,LUÍS ANTÔNIO,LUIS ANTONIO,DRS 13 Ribeirão Preto
312,LUIZIÂNIA,166.576,5855,30.2,17.54,15.679.586,12536.56,3527702,314,306,LUIZIÂNIA,LUIZIANIA,DRS 02 Araçatuba
313,LUPÉRCIO,155.171,4596,28.18,45.45,1.609.420.027,16923.63,3527801,315,307,LUPÉRCIO,LUPERCIO,DRS 09 Marília
314,LUTÉCIA,475.226,2636,5.71,23.26,1.480.229.419,32018.34,3527900,316,308,LUTÉCIA,LUTECIA,DRS 09 Marília
315,MACATUBA,224.514,17214,72.19,15.63,6.245.457.101,36723.03,3528007,317,310,MACATUBA,MACATUBA,DRS 06 Bauru
316,MACAUBAL,248.087,8147,30.88,22.22,2.143.826.452,19121.48,3528106,318,311,MACAUBAL,MACAUBAL,DRS 15 São José do Rio Preto
317,MACEDÔNIA,327.567,3692,11.18,41.67,1.845.217.525,21212.83,3528205,319,312,MACEDÔNIA,MACEDONIA,DRS 15 São José do Rio Preto
318,MAGDA,312.282,3102,10.27,31.25,2.081.579.342,29834.29,3528304,320,313,MAGDA,MAGDA,DRS 15 São José do Rio Preto
319,MAIRINQUE,210.149,47441,205.53,11.90,15.435.679.392,40484.94,3528403,321,314,MAIRINQUE,MAIRINQUE,DRS 16 Sorocaba
320,MAIRIPORÃ,320.697,101937,252.44,8.77,21.709.097.814,17774.55,3528502,322,315,MAIRIPORÃ,MAIRIPORA,DRS 01 Grande São Paulo
321,MANDURI,229.046,9910,39.26,9.17,2.411.031.096,23378.18,3528601,323,316,MANDURI,MANDURI,DRS 06 Bauru
322,MARABÁ PAULISTA,919.519,5948,5.24,52.63,1.885.370.276,17644.51,3528700,324,317,MARABÁ PAULISTA,MARABA PAULISTA,DRS 11 Presidente Prudente
323,MARACAÍ,533.498,14036,24.97,18.87,4.304.932.467,29529.19,3528809,325,318,MARACAÍ,MARACAI,DRS 09 Marília
324,MARAPOAMA,111.267,3064,23.66,30.30,1.547.483.459,59882.84,3528858,326,319,MARAPOAMA,MARAPOAMA,DRS 15 São José do Rio Preto
325,MARIÁPOLIS,186.544,4091,21.07,26.32,1.339.774.638,13926.03,3528908,327,321,MARIÁPOLIS,MARIAPOLIS,DRS 09 Marília
326,MARÍLIA,1.170.515,240590,185.21,9.55,78.334.044.246,34083.86,3529005,328,323,MARÍLIA,MARILIA,DRS 09 Marília
327,MARINÓPOLIS,77.827,2106,27.15,41.67,119.916.459,16405.82,3529104,329,320,MARINÓPOLIS,MARINOPOLIS,DRS 15 São José do Rio Preto
328,MARTINÓPOLIS,1.253.564,26628,19.33,18.52,6.977.048.191,18871.02,3529203,330,322,MARTINÓPOLIS,MARTINOPOLIS,DRS 11 Presidente Prudente
329,MATÃO,524.899,83626,146.3,7.90,22.280.023.445,50228.39,3529302,331,324,MATÃO,MATAO,DRS 03 Araraquara
330,MAUÁ,61.909,477552,6741.41,09.08,91.100.489.057,32655.23,3529401,332,325,MAUÁ,MAUA,DRS 01 Grande São Paulo
331,MENDONÇA,195.151,5565,23.79,15.15,2.655.865.451,43139.21,3529500,333,326,MENDONÇA,MENDONCA,DRS 15 São José do Rio Preto
332,MERIDIANO,228.199,3824,16.82,20.00,2.183.625.388,62670.64,3529609,334,327,MERIDIANO,MERIDIANO,DRS 15 São José do Rio Preto
333,MESÓPOLIS,148.636,1905,12.67,38.46,1.484.939.683,30784.46,3529658,335,328,MESÓPOLIS,MESOPOLIS,DRS 15 São José do Rio Preto
334,MIGUELÓPOLIS,820.849,22355,24.88,7.43,7.558.194.914,45954.52,3529708,336,329,MIGUELÓPOLIS,MIGUELOPOLIS,DRS 08 Franca
335,MINEIROS DO TIETÊ,213.242,12966,56.45,22.39,3.057.789.194,13408.67,3529807,337,330,MINEIROS DO TIETÊ,MINEIROS DO TIETE,DRS 06 Bauru
336,MIRACATU,1.001.484,19643,20.56,30.10,6.391.542.351,19706.5,3529906,339,332,MIRACATU,MIRACATU,DRS 12 Registro
337,MIRA ESTRELA,216.825,3106,13.01,41.67,1.848.832.167,21664.95,3530003,338,331,MIRA ESTRELA,MIRA ESTRELA,DRS 15 São José do Rio Preto
338,MIRANDÓPOLIS,917.694,29706,29.91,7.43,7.172.071.888,22230.68,3530102,340,333,MIRANDÓPOLIS,MIRANDOPOLIS,DRS 02 Araçatuba
339,MIRANTE DO PARANAPANEMA,1.238.931,18338,13.77,16.67,5.383.925.176,19027.18,3530201,341,334,MIRANTE DO PARANAPANEMA,MIRANTE DO PARANAPANEMA,DRS 11 Presidente Prudente
340,MIRASSOL,243.228,60303,221.1,6.93,15.043.915.365,30509.55,3530300,342,335,MIRASSOL,MIRASSOL,DRS 15 São José do Rio Preto
341,MIRASSOLÂNDIA,166.125,4919,25.85,18.87,1.506.145.421,26663.98,3530409,343,336,MIRASSOLÂNDIA,MIRASSOLANDIA,DRS 15 São José do Rio Preto
342,MOCOCA,855.156,68980,77.55,11.18,17.833.489.411,30828.27,3530508,344,337,MOCOCA,MOCOCA,DRS 14 São João da Boa Vista
343,MOGI DAS CRUZES,712.541,450785,544.12,9.46,145.029.140.855,34908.31,3530607,345,338,MOGI DAS CRUZES,MOGI DAS CRUZES,DRS 01 Grande São Paulo
344,MOGI GUAÇU,812.753,153033,168.99,11.17,45.503.822.182,38971.42,3530706,346,339,MOGI GUAÇU,MOGI GUACU,DRS 14 São João da Boa Vista
345,MOGI MIRIM,497.708,93650,173.77,10.47,3.334.253.257,49631.35,3530805,347,340,MOGI MIRIM,MOGI MIRIM,DRS 14 São João da Boa Vista
346,MOMBUCA,133.698,3508,24.43,40.82,1.545.833.643,28783.85,3530904,348,341,MOMBUCA,MOMBUCA,DRS 10 Piracicaba
347,MONÇÕES,104.352,2267,20.45,38.46,1.787.497.115,26531.11,3531001,349,350,MONÇÕES,MONCOES,DRS 15 São José do Rio Preto
348,MONGAGUÁ,143.205,57648,326.0,23.91,18.652.560.825,18581.77,3531100,350,342,MONGAGUÁ,MONGAGUA,DRS 04 Baixada Santista
349,MONTE ALEGRE DO SUL,110.308,8111,64.84,24.69,2.488.221.637,22391.71,3531209,351,343,MONTE ALEGRE DO SUL,MONTE ALEGRE DO SUL,DRS 07 Campinas
350,MONTE ALTO,346.950,50772,134.61,18.40,12.276.062.639,35901.3,3531308,352,344,MONTE ALTO,MONTE ALTO,DRS 13 Ribeirão Preto
351,MONTE APRAZÍVEL,495.559,25373,43.76,4.39,5.984.847.029,26584.41,3531407,353,345,MONTE APRAZÍVEL,MONTE APRAZIVEL,DRS 15 São José do Rio Preto
352,MONTE AZUL PAULISTA,263.462,18968,71.86,8.70,6.687.012.515,28033.28,3531506,354,346,MONTE AZUL PAULISTA,MONTE AZUL PAULISTA,DRS 05 Barretos
353,MONTE CASTELO,233.547,4166,17.47,25.64,1.806.772.349,24706.74,3531605,355,347,MONTE CASTELO,MONTE CASTELO,DRS 11 Presidente Prudente
354,MONTEIRO LOBATO,332.742,4696,12.38,54.55,1.522.656.083,14173.68,3531704,357,349,MONTEIRO LOBATO,MONTEIRO LOBATO,DRS 17 Taubaté
355,MONTE MOR,240.566,60754,203.61,12.96,18.879.801.223,59311.32,3531803,356,348,MONTE MOR,MONTE MOR,DRS 07 Campinas
356,MORRO AGUDO,1.388.127,33288,20.97,08.02,11.838.303.824,36037.1,3531902,358,351,MORRO AGUDO,MORRO AGUDO,DRS 08 Franca
357,MORUNGABA,146.752,13781,80.2,13.16,3.602.519.595,33875.48,3532009,359,352,MORUNGABA,MORUNGABA,DRS 07 Campinas
358,MOTUCA,228.700,4795,18.76,29.41,1.660.073.756,17286.33,3532058,360,353,MOTUCA,MOTUCA,DRS 03 Araraquara
359,MURUTINGA DO SUL,250.873,4506,16.69,22.73,1.725.901.202,14623.62,3532108,361,354,MURUTINGA DO SUL,MURUTINGA DO SUL,DRS 02 Araçatuba
360,NANTES,286.647,3179,9.46,20.41,1.773.556.037,38493.27,3532157,362,355,NANTES,NANTES,DRS 11 Presidente Prudente
361,NARANDIBA,357.325,4904,11.98,12.50,2.584.400.546,38665.32,3532207,363,356,NARANDIBA,NARANDIBA,DRS 11 Presidente Prudente
362,NATIVIDADE DA SERRA,833.372,6642,8.01,12.20,2.380.902.274,10848.03,3532306,364,357,NATIVIDADE DA SERRA,NATIVIDADE DA SERRA,DRS 17 Taubaté
363,NAZARÉ PAULISTA,326.254,18698,50.31,9.30,5.296.456.192,18651.19,3532405,365,358,NAZARÉ PAULISTA,NAZARE PAULISTA,DRS 07 Campinas
364,NEVES PAULISTA,219.050,8923,40.18,32.61,2.578.179.133,23770.6,3532504,366,359,NEVES PAULISTA,NEVES PAULISTA,DRS 15 São José do Rio Preto
365,NHANDEARA,436.159,11527,24.61,9.71,3.142.929.041,28388.63,3532603,367,360,NHANDEARA,NHANDEARA,DRS 15 São José do Rio Preto
366,NIPOÃ,137.609,5298,31.01,13.51,156.470.168,18328.81,3532702,368,361,NIPOÃ,NIPOA,DRS 15 São José do Rio Preto
367,NOVA ALIANÇA,217.515,7068,27.11,22.47,2.226.994.351,25206.05,3532801,369,362,NOVA ALIANÇA,NOVA ALIANCA,DRS 15 São José do Rio Preto
368,NOVA CAMPINA,385.375,9860,22.1,14.39,2.423.346.827,11418.51,3532827,370,363,NOVA CAMPINA,NOVA CAMPINA,DRS 16 Sorocaba
369,NOVA CANAÃ PAULISTA,124.473,1852,16.99,50.00,1.257.109.646,20686.21,3532843,371,364,NOVA CANAÃ PAULISTA,NOVA CANAA PAULISTA,DRS 15 São José do Rio Preto
370,NOVA CASTILHO,183.396,1278,6.14,76.92,1.311.345.443,32366.14,3532868,372,365,NOVA CASTILHO,NOVA CASTILHO,DRS 02 Araçatuba
371,NOVA EUROPA,160.250,11355,58.0,8.33,3.164.312.851,25485.01,3532900,373,366,NOVA EUROPA,NOVA EUROPA,DRS 03 Araraquara
372,NOVA GRANADA,531.796,21689,36.06,11.81,4.610.399.641,20378.67,3533007,374,367,NOVA GRANADA,NOVA GRANADA,DRS 15 São José do Rio Preto
373,NOVA GUATAPORANGA,34.158,2325,63.81,166.67,125.989.717,13532.84,3533106,375,368,NOVA GUATAPORANGA,NOVA GUATAPORANGA,DRS 11 Presidente Prudente
374,NOVA INDEPENDÊNCIA,265.029,4053,11.54,19.23,22.616.214,36380.1,3533205,376,369,NOVA INDEPENDÊNCIA,NOVA INDEPENDENCIA,DRS 02 Araçatuba
375,NOVAIS,117.772,5945,38.99,41.67,1.645.299.792,10196.95,3533254,379,372,NOVAIS,NOVAIS,DRS 15 São José do Rio Preto
376,NOVA LUZITÂNIA,73.816,4160,46.46,32.26,1.476.697.035,12332.03,3533304,377,370,NOVA LUZITÂNIA,NOVA LUZITANIA,DRS 02 Araçatuba
377,NOVA ODESSA,73.788,60956,689.48,10.85,15.954.846.645,59633.81,3533403,378,371,NOVA ODESSA,NOVA ODESSA,DRS 07 Campinas
378,NOVO HORIZONTE,931.743,41414,39.28,9.84,10.858.142.886,26915.6,3533502,380,373,NOVO HORIZONTE,NOVO HORIZONTE,DRS 15 São José do Rio Preto
379,NUPORANGA,348.265,7478,19.57,24.39,3.400.459.141,70520.18,3533601,381,374,NUPORANGA,NUPORANGA,DRS 08 Franca
380,OCAUÇU,301.036,4291,13.86,14.08,1.519.034.513,27040.7,3533700,382,375,OCAUÇU,OCAUCU,DRS 09 Marília
381,ÓLEO,198.938,2471,13.49,37.04,1.253.571.264,32970.07,3533809,383,644,ÓLEO,OLEO,DRS 09 Marília
382,OLÍMPIA,802.555,55130,62.32,14.95,19.287.692.923,37387.02,3533908,384,376,OLÍMPIA,OLIMPIA,DRS 05 Barretos
383,ONDA VERDE,242.946,4422,16.03,16.95,2.121.726.279,38174.26,3534005,385,377,ONDA VERDE,ONDA VERDE,DRS 15 São José do Rio Preto
384,ORIENTE,218.668,6542,27.89,13.33,1.691.737.038,15344.27,3534104,386,378,ORIENTE,ORIENTE,DRS 09 Marília
385,ORINDIÚVA,247.378,7194,22.87,24.69,3.371.930.236,58280.24,3534203,387,379,ORINDIÚVA,ORINDIUVA,DRS 15 São José do Rio Preto
386,ORLÂNDIA,291.765,44360,136.34,4.26,13.741.076.196,42003.28,3534302,388,380,ORLÂNDIA,ORLANDIA,DRS 08 Franca
387,OSASCO,64.954,699944,10264.8,11.79,2.035.375.238,109936.21,3534401,389,381,OSASCO,OSASCO,DRS 01 Grande São Paulo
388,OSCAR BRESSANE,222.130,2603,11.46,43.48,1.412.958.953,34900.31,3534500,390,382,OSCAR BRESSANE,OSCAR BRESSANE,DRS 09 Marília
389,OSVALDO CRUZ,248.038,33000,124.47,12.20,705.011.321,25930.54,3534609,391,383,OSVALDO CRUZ,OSVALDO CRUZ,DRS 09 Marília
390,OURINHOS,295.818,114352,347.78,5.91,25.548.507.149,27232.54,3534708,392,384,OURINHOS,OURINHOS,DRS 09 Marília
391,OUROESTE,288.648,10539,29.1,8.40,6.053.381.886,41425.64,3534757,394,386,OUROESTE,OUROESTE,DRS 15 São José do Rio Preto
392,OURO VERDE,266.778,8620,29.15,10.20,2.278.532.283,13210.54,3534807,393,385,OURO VERDE,OURO VERDE,DRS 11 Presidente Prudente
393,PACAEMBU,339.375,14263,39.07,18.52,3.782.193.239,21542.47,3534906,395,387,PACAEMBU,PACAEMBU,DRS 09 Marília
394,PALESTINA,697.701,13123,15.89,7.14,3.592.185.359,23871.29,3535002,396,388,PALESTINA,PALESTINA,DRS 15 São José do Rio Preto
395,PALMARES PAULISTA,82.125,13486,133.14,14.29,2.482.058.274,9376.19,3535101,397,389,PALMARES PAULISTA,PALMARES PAULISTA,DRS 15 São José do Rio Preto
396,PALMEIRA D'OESTE,318.740,9227,30.02,11.49,2.393.515.202,20086.66,3535200,398,390,PALMEIRA D'OESTE,PALMEIRA D'OESTE,DRS 15 São José do Rio Preto
397,PALMITAL,548.407,22272,38.67,19.16,7.059.461.925,30936.78,3535309,399,391,PALMITAL,PALMITAL,DRS 09 Marília
398,PANORAMA,356.050,15862,40.93,17.86,4.226.469.893,16827.13,3535408,400,392,PANORAMA,PANORAMA,DRS 11 Presidente Prudente
399,PARAGUAÇU PAULISTA,1.001.492,45945,42.22,13.49,13.927.728.116,33792.38,3535507,401,393,PARAGUAÇU PAULISTA,PARAGUACU PAULISTA,DRS 09 Marília
400,PARAIBUNA,809.576,18263,21.48,4.72,5.615.149.568,15336.37,3535606,402,394,PARAIBUNA,PARAIBUNA,DRS 17 Taubaté
401,PARAÍSO,155.186,6496,37.85,12.82,2.523.523.892,34584.67,3535705,403,398,PARAÍSO,PARAISO,DRS 15 São José do Rio Preto
402,PARANAPANEMA,1.018.724,20395,17.48,6.45,8.276.108.345,31198.29,3535804,404,395,PARANAPANEMA,PARANAPANEMA,DRS 06 Bauru
403,PARANAPUÃ,140.354,4095,27.16,14.93,1.507.136.206,27485.59,3535903,405,396,PARANAPUÃ,PARANAPUA,DRS 15 São José do Rio Preto
404,PARAPUÃ,366.664,10949,29.65,10.75,3.004.581.067,32118.91,3536000,406,397,PARAPUÃ,PARAPUA,DRS 09 Marília
405,PARDINHO,209.894,6508,26.59,37.38,2.880.340.729,47454.61,3536109,407,399,PARDINHO,PARDINHO,DRS 06 Bauru
406,PARIQUERA-AÇU,359.414,19723,51.34,6.47,427.937.438,25926.61,3536208,408,400,PARIQUERA-AÇÚ,PARIQUERA-ACU,DRS 12 Registro
407,PARISI,84.737,2169,24.04,51.28,1.466.202.813,31045.8,3536257,409,401,PARISI,PARISI,DRS 15 São José do Rio Preto
408,PATROCÍNIO PAULISTA,602.848,14807,21.56,19.51,4.691.510.802,60792.11,3536307,410,402,PATROCÍNIO PAULISTA,PATROCINIO PAULISTA,DRS 08 Franca
409,PAULICÉIA,374.091,7454,16.97,8.55,2.994.355.696,20705.29,3536406,411,403,PAULICÉIA,PAULICEIA,DRS 11 Presidente Prudente
410,PAULÍNIA,138.777,112003,592.17,6.12,118.481.035.885,306163.17,3536505,412,406,PAULÍNIA,PAULINIA,DRS 07 Campinas
411,PAULISTÂNIA,256.178,1834,6.93,47.62,1.422.611.792,22430.93,3536570,413,404,PAULISTÂNIA,PAULISTANIA,DRS 06 Bauru
412,PAULO DE FARIA,737.986,8959,11.63,24.69,3.391.073.375,30110.56,3536604,414,405,PAULO DE FARIA,PAULO DE FARIA,DRS 15 São José do Rio Preto
413,PEDERNEIRAS,727.482,47111,56.92,9.42,11.779.819.984,47430.98,3536703,415,407,PEDERNEIRAS,PEDERNEIRAS,DRS 06 Bauru
414,PEDRA BELA,158.587,6110,36.45,14.49,188.082.233,13782.13,3536802,416,408,PEDRA BELA,PEDRA BELA,DRS 07 Campinas
415,PEDRANÓPOLIS,260.101,2481,9.83,34.48,1.580.577.599,25672.04,3536901,417,409,PEDRANÓPOLIS,PEDRANOPOLIS,DRS 15 São José do Rio Preto
416,PEDREGULHO,712.604,16811,22.03,4.63,443.100.593,52418.86,3537008,418,410,PEDREGULHO,PEDREGULHO,DRS 08 Franca
417,PEDREIRA,108.817,48463,382.7,6.24,12.470.724.961,26471.59,3537107,419,411,PEDREIRA,PEDREIRA,DRS 07 Campinas
418,PEDRINHAS PAULISTA,152.309,3101,19.28,37.04,1.696.378.292,44364.89,3537156,420,412,PEDRINHAS PAULISTA,PEDRINHAS PAULISTA,DRS 09 Marília
419,PEDRO DE TOLEDO,670.440,11421,15.22,25.42,3.102.067.674,12787.4,3537206,421,413,PEDRO DE TOLEDO,PEDRO DE TOLEDO,DRS 12 Registro
420,PENÁPOLIS,711.315,63757,82.31,13.17,16.209.610.449,26395.81,3537305,422,414,PENÁPOLIS,PENAPOLIS,DRS 02 Araçatuba
421,PEREIRA BARRETO,974.247,25677,25.5,3.83,8.271.309.802,29553.41,3537404,423,415,PEREIRA BARRETO,PEREIRA BARRETO,DRS 02 Araçatuba
422,PEREIRAS,223.136,8773,33.38,19.05,2.347.577.323,23954.99,3537503,424,416,PEREIRAS,PEREIRAS,DRS 06 Bauru
423,PERUÍBE,326.216,69001,184.4,17.26,22.494.907.246,22538.1,3537602,425,417,PERUÍBE,PERUIBE,DRS 04 Baixada Santista
424,PIACATU,232.488,6038,22.75,61.54,1.923.673.174,15498.37,3537701,426,418,PIACATU,PIACATU,DRS 02 Araçatuba
425,PIEDADE,746.868,55542,69.82,13.68,11.029.826.169,21916.31,3537800,427,419,PIEDADE,PIEDADE,DRS 16 Sorocaba
426,PILAR DO SUL,681.248,29402,38.77,18.04,6.526.658.378,23370.06,3537909,428,420,PILAR DO SUL,PILAR DO SUL,DRS 16 Sorocaba
427,PINDAMONHANGABA,731.355,170132,201.39,13.84,3.985.650.337,51761.18,3538006,429,421,PINDAMONHANGABA,PINDAMONHANGABA,DRS 17 Taubaté
428,PINDORAMA,184.825,17216,81.37,6.29,4.131.001.861,22081.72,3538105,430,422,PINDORAMA,PINDORAMA,DRS 15 São José do Rio Preto
429,PINHALZINHO,154.529,15388,84.81,13.33,3.375.481.331,17475.49,3538204,431,423,PINHALZINHO,PINHALZINHO,DRS 07 Campinas
430,PIQUEROBI,482.769,3699,7.33,52.63,1.569.345.974,15089.43,3538303,432,424,PIQUEROBI,PIQUEROBI,DRS 11 Presidente Prudente
431,PIQUETE,175.996,13575,80.16,19.48,2.543.765.315,11973.44,3538501,433,425,PIQUETE,PIQUETE,DRS 17 Taubaté
432,PIRACAIA,385.568,27462,65.15,2.74,7.059.298.437,17540.72,3538600,434,426,PIRACAIA,PIRACAIA,DRS 07 Campinas
433,PIRACICABA,1.378.069,407252,264.47,8.98,152.917.760.687,65896.34,3538709,435,427,PIRACICABA,PIRACICABA,DRS 10 Piracicaba
434,PIRAJU,504.591,29869,56.44,7.81,8.033.940.458,24936.58,3538808,436,428,PIRAJÚ,PIRAJU,DRS 06 Bauru
435,PIRAJUÍ,823.758,25719,27.55,14.65,5.550.857.773,18702.35,3538907,437,429,PIRAJUÍ,PIRAJUI,DRS 06 Bauru
436,PIRANGI,215.809,11471,49.3,15.50,2.958.445.405,29289.51,3539004,438,430,PIRANGI,PIRANGI,DRS 15 São José do Rio Preto
437,PIRAPORA DO BOM JESUS,108.489,19178,144.98,15.09,538.756.971,24587.66,3539103,439,431,PIRAPORA DO BOM JESUS,PIRAPORA DO BOM JESUS,DRS 01 Grande São Paulo
438,PIRAPOZINHO,477.673,27754,51.66,17.86,6.625.808.534,34839.45,3539202,440,432,PIRAPOZINHO,PIRAPOZINHO,DRS 11 Presidente Prudente
439,PIRASSUNUNGA,727.118,76877,96.38,13.68,21.399.723.691,36765.67,3539301,441,433,PIRASSUNUNGA,PIRASSUNUNGA,DRS 10 Piracicaba
440,PIRATININGA,402.409,13765,30.0,11.30,3.660.663.632,17432.02,3539400,442,434,PIRATININGA,PIRATININGA,DRS 06 Bauru
441,PITANGUEIRAS,430.638,40080,81.99,8.42,10.347.789.997,27053.73,3539509,443,435,PITANGUEIRAS,PITANGUEIRAS,DRS 13 Ribeirão Preto
442,PLANALTO,289.825,5304,15.38,33.90,2.254.537.217,30164.36,3539608,444,436,PLANALTO,PLANALTO,DRS 15 São José do Rio Preto
443,PLATINA,327.480,3578,9.77,21.74,1.615.193.922,26801.38,3539707,445,437,PLATINA,PLATINA,DRS 09 Marília
444,POÁ,17.264,118349,6141.05,18.19,3.945.058.237,39992.89,3539806,446,450,POÁ,POA,DRS 01 Grande São Paulo
445,POLONI,135.120,6113,40.4,14.49,194.140.428,21985.92,3539905,447,438,POLONI,POLONI,DRS 15 São José do Rio Preto
446,POMPÉIA,784.674,22172,25.46,19.23,7.394.540.026,56951.86,3540002,448,439,POMPÉIA,POMPEIA,DRS 09 Marília
447,PONGAÍ,183.399,3400,18.99,33.33,1.546.844.883,23673.17,3540101,449,440,PONGAÍ,PONGAI,DRS 06 Bauru
448,PONTAL,356.371,50852,112.94,5.36,9.150.481.147,23772.76,3540200,450,441,PONTAL,PONTAL,DRS 13 Ribeirão Preto
449,PONTALINDA,209.525,4674,19.38,54.55,1.865.277.949,17009.93,3540259,451,442,PONTALINDA,PONTALINDA,DRS 15 São José do Rio Preto
450,PONTES GESTAL,217.505,2577,11.58,29.41,2.241.752.102,60563.97,3540309,452,443,PONTES GESTAL,PONTES GESTAL,DRS 15 São José do Rio Preto
451,POPULINA,315.938,4152,13.37,25.00,2.175.022.199,22982.84,3540408,453,444,POPULINA,POPULINA,DRS 15 São José do Rio Preto
452,PORANGABA,265.689,10067,31.34,20.20,2.403.870.298,18026.55,3540507,454,445,PORANGABA,PORANGABA,DRS 06 Bauru
453,PORTO FELIZ,556.706,53402,87.83,9.47,20.734.370.731,49253.38,3540606,455,446,PORTO FELIZ,PORTO FELIZ,DRS 16 Sorocaba
454,PORTO FERREIRA,244.906,56504,209.88,5.36,15.862.332.425,36767.59,3540705,456,447,PORTO FERREIRA,PORTO FERREIRA,DRS 03 Araraquara
455,POTIM,44.643,25130,436.2,23.81,4.049.958.409,9005.43,3540754,457,448,POTIM,POTIM,DRS 17 Taubaté
456,POTIRENDABA,342.492,17516,45.12,4.61,5.652.412.938,29949.39,3540804,458,449,POTIRENDABA,POTIRENDABA,DRS 15 São José do Rio Preto
457,PRACINHA,63.054,4212,45.48,-,1.083.880.943,8256.98,3540853,459,451,PRACINHA,PRACINHA,DRS 09 Marília
458,PRADÓPOLIS,167.378,21873,103.82,4.41,5.791.505.729,40977.09,3540903,460,452,PRADÓPOLIS,PRADOPOLIS,DRS 13 Ribeirão Preto
459,PRAIA GRANDE,149.253,330845,1781.87,13.83,128.266.266.264,22064.57,3541000,461,453,PRAIA GRANDE,PRAIA GRANDE,DRS 04 Baixada Santista
460,PRATÂNIA,175.100,5317,26.26,14.71,1.842.579.704,25213.86,3541059,462,454,PRATÂNIA,PRATANIA,DRS 06 Bauru
461,PRESIDENTE ALVES,286.642,4080,14.36,16.13,1.399.772.865,17861.26,3541109,463,455,PRESIDENTE ALVES,PRESIDENTE ALVES,DRS 06 Bauru
462,PRESIDENTE BERNARDES,749.233,13023,18.12,30.30,3.935.506.732,20494.34,3541208,464,456,PRESIDENTE BERNARDES,PRESIDENTE BERNARDES,DRS 11 Presidente Prudente
463,PRESIDENTE EPITÁCIO,1.260.281,44389,32.79,11.21,8.747.982.225,19364.06,3541307,465,457,PRESIDENTE EPITÁCIO,PRESIDENTE EPITACIO,DRS 11 Presidente Prudente
464,PRESIDENTE PRUDENTE,560.637,230371,368.89,10.20,64.655.234.024,35207.07,3541406,466,458,PRESIDENTE PRUDENTE,PRESIDENTE PRUDENTE,DRS 11 Presidente Prudente
465,PRESIDENTE VENCESLAU,755.203,39583,50.1,07.08,11.761.184.149,18163.42,3541505,467,459,PRESIDENTE VENCESLAU,PRESIDENTE VENCESLAU,DRS 11 Presidente Prudente
466,PROMISSÃO,779.200,40828,45.78,16.55,9.670.177.294,40628.23,3541604,468,460,PROMISSÃO,PROMISSAO,DRS 06 Bauru
467,QUADRA,205.672,3854,15.73,19.23,1.842.621.274,26393.71,3541653,469,461,QUADRA,QUADRA,DRS 16 Sorocaba
468,QUATÁ,651.341,14210,19.68,6.71,4.418.177.808,32860.67,3541703,470,462,QUATÁ,QUATA,DRS 11 Presidente Prudente
469,QUEIROZ,234.914,3460,12.01,19.61,1.908.298.897,97276.33,3541802,471,463,QUEIROZ,QUEIROZ,DRS 09 Marília
470,QUELUZ,249.399,13606,45.27,09.01,3.367.443.423,25423.85,3541901,472,464,QUELUZ,QUELUZ,DRS 17 Taubaté
471,QUINTANA,318.937,6688,18.79,23.53,2.232.100.397,26261.02,3542008,473,465,QUINTANA,QUINTANA,DRS 09 Marília
472,RAFARD,121.645,9101,70.8,9.26,3.469.974.755,35586.08,3542107,474,466,RAFARD,RAFARD,DRS 10 Piracicaba
473,RANCHARIA,1.587.498,29726,18.14,22.96,8.519.820.751,37222.41,3542206,475,467,RANCHARIA,RANCHARIA,DRS 11 Presidente Prudente
474,REDENÇÃO DA SERRA,309.441,3839,12.52,20.00,1.577.990.827,13767.32,3542305,476,468,REDENÇÃO DA SERRA,REDENCAO DA SERRA,DRS 17 Taubaté
475,REGENTE FEIJÓ,263.280,20394,69.77,04.03,5.764.713.876,35313.43,3542404,477,469,REGENTE FEIJÓ,REGENTE FEIJO,DRS 11 Presidente Prudente
476,REGINÓPOLIS,410.406,9837,17.83,15.38,2.158.924.047,15428.57,3542503,478,470,REGINÓPOLIS,REGINOPOLIS,DRS 06 Bauru
477,REGISTRO,722.201,56393,75.11,6.31,16.356.212.876,34962.27,3542602,479,471,REGISTRO,REGISTRO,DRS 12 Registro
478,RESTINGA,245.746,7679,26.8,17.54,2.447.316.489,22126.48,3542701,480,472,RESTINGA,RESTINGA,DRS 08 Franca
479,RIBEIRA,335.759,3330,10.0,63.83,1.501.425.486,14361.28,3542800,481,473,RIBEIRA,RIBEIRA,DRS 16 Sorocaba
480,RIBEIRÃO BONITO,471.553,13299,25.73,14.18,3.354.051.695,19500.82,3542909,482,474,RIBEIRÃO BONITO,RIBEIRAO BONITO,DRS 03 Araraquara
481,RIBEIRÃO BRANCO,697.500,16211,26.19,33.71,3.896.385.758,17976.03,3543006,483,475,RIBEIRÃO BRANCO,RIBEIRAO BRANCO,DRS 16 Sorocaba
482,RIBEIRÃO CORRENTE,148.332,4752,28.81,30.30,1.957.753.411,23548.05,3543105,484,476,RIBEIRÃO CORRENTE,RIBEIRAO CORRENTE,DRS 08 Franca
483,RIBEIRÃO DO SUL,203.208,4539,21.83,22.22,1.892.958.248,33392.7,3543204,485,477,RIBEIRÃO DO SUL,RIBEIRAO DO SUL,DRS 09 Marília
484,RIBEIRÃO DOS ÍNDIOS,196.446,2224,11.14,45.45,1.254.409.571,16030.11,3543238,486,478,RIBEIRÃO DOS ÍNDIOS,RIBEIRAO DOS INDIOS,DRS 11 Presidente Prudente
485,RIBEIRÃO GRANDE,333.363,7679,22.26,11.49,2.467.096.158,34793.11,3543253,487,479,RIBEIRÃO GRANDE,RIBEIRAO GRANDE,DRS 16 Sorocaba
486,RIBEIRÃO PIRES,99.075,124159,1140.73,9.15,27.371.116.042,24818.57,3543303,488,480,RIBEIRÃO PIRES,RIBEIRAO PIRES,DRS 01 Grande São Paulo
487,RIBEIRÃO PRETO,650.916,711825,928.92,9.19,249.764.250.729,49425.29,3543402,489,481,RIBEIRÃO PRETO,RIBEIRAO PRETO,DRS 13 Ribeirão Preto
488,RIVERSUL,385.878,5443,15.96,15.87,1.803.281.346,12349.69,3543501,497,489,RIVERSUL,RIVERSUL,DRS 16 Sorocaba
489,RIFAINA,162.508,3640,21.14,23.26,2.780.257.514,33254.17,3543600,490,482,RIFAINA,RIFAINA,DRS 08 Franca
490,RINCÃO,316.639,10812,32.96,7.75,2.917.087.756,18176.48,3543709,491,483,RINCÃO,RINCAO,DRS 03 Araraquara
491,RINÓPOLIS,358.481,9961,27.73,28.57,2.576.917.976,25464.98,3543808,492,484,RINÓPOLIS,RINOPOLIS,DRS 09 Marília
492,RIO CLARO,498.422,208008,373.69,11.81,73.241.203.469,47851.56,3543907,493,485,RIO CLARO,RIO CLARO,DRS 10 Piracicaba
493,RIO DAS PEDRAS,226.657,35738,130.16,5.15,9.462.713.742,40086.87,3544004,494,486,RIO DAS PEDRAS,RIO DAS PEDRAS,DRS 10 Piracicaba
494,RIO GRANDE DA SERRA,36.341,51436,1210.04,8.00,7.289.705.085,11282.4,3544103,495,487,RIO GRANDE DA SERRA,RIO GRANDE DA SERRA,DRS 01 Grande São Paulo
495,RIOLÂNDIA,631.897,12689,16.7,09.09,3.488.575.768,20423.64,3544202,496,488,RIOLÂNDIA,RIOLANDIA,DRS 15 São José do Rio Preto
496,ROSANA,744.011,16281,26.51,13.04,8.095.572.407,70267.57,3544251,498,490,ROSANA,ROSANA,DRS 11 Presidente Prudente
497,ROSEIRA,129.847,10801,73.47,37.59,3.001.964.446,27647.35,3544301,499,491,ROSEIRA,ROSEIRA,DRS 17 Taubaté
498,RUBIÁCEA,236.484,3162,11.52,28.57,1.322.927.953,20298.51,3544400,500,493,RUBIÁCEA,RUBIACEA,DRS 02 Araçatuba
499,RUBINÉIA,242.877,3170,11.78,43.48,2.009.432.874,24965.32,3544509,501,492,RUBINÉIA,RUBINEIA,DRS 15 São José do Rio Preto
500,SABINO,305.285,5614,16.78,17.86,2.100.327.135,21248.16,3544608,502,494,SABINO,SABINO,DRS 06 Bauru
501,SAGRES,147.935,2430,16.2,38.46,115.076.192,15451.37,3544707,503,495,SAGRES,SAGRES,DRS 09 Marília
502,SALES,308.555,6407,17.67,17.24,2.715.044.214,22858.39,3544806,504,496,SALES,SALES,DRS 15 São José do Rio Preto
503,SALES OLIVEIRA,305.776,11998,34.58,7.52,3.653.791.764,29378.39,3544905,505,497,SALES OLIVEIRA,SALES OLIVEIRA,DRS 08 Franca
504,SALESÓPOLIS,424.997,17252,36.79,5.32,3.824.498.838,11899.42,3545001,506,498,SALESÓPOLIS,SALESOPOLIS,DRS 01 Grande São Paulo
505,SALMOURÃO,172.934,5337,27.96,27.03,145.034.334,13614.17,3545100,507,499,SALMOURÃO,SALMOURAO,DRS 09 Marília
506,SALTINHO,99.738,8393,70.78,21.51,2.464.291.731,30002.45,3545159,508,500,SALTINHO,SALTINHO,DRS 10 Piracicaba
507,SALTO,133.057,119736,792.13,7.73,3.222.559.574,62187.92,3545209,509,501,SALTO,SALTO,DRS 16 Sorocaba
508,SALTO DE PIRAPORA,280.509,45860,143.02,12.94,119.093.116,37530.47,3545308,510,502,SALTO DE PIRAPORA,SALTO DE PIRAPORA,DRS 16 Sorocaba
509,SALTO GRANDE,188.441,9364,46.64,9.17,2.633.254.072,23885.16,3545407,511,503,SALTO GRANDE,SALTO GRANDE,DRS 09 Marília
510,SANDOVALINA,455.856,4354,8.13,18.87,2.594.594.712,90156.11,3545506,512,504,SANDOVALINA,SANDOVALINA,DRS 11 Presidente Prudente
511,SANTA ADÉLIA,330.269,15561,43.32,10.93,4.128.203.322,19941.08,3545605,513,505,SANTA ADÉLIA,SANTA ADELIA,DRS 15 São José do Rio Preto
512,SANTA ALBERTINA,272.692,6022,20.98,46.15,2.566.663.718,30542.24,3545704,514,506,SANTA ALBERTINA,SANTA ALBERTINA,DRS 15 São José do Rio Preto
513,SANTA BÁRBARA D'OESTE,271.030,194390,664.49,9.95,50.826.275.516,30798.27,3545803,515,508,SANTA BÁRBARA D'OESTE,SANTA BARBARA D'OESTE,DRS 07 Campinas
514,SANTA BRANCA,272.238,14857,50.56,48.78,4.300.441.533,16610.52,3546009,516,507,SANTA BRANCA,SANTA BRANCA,DRS 17 Taubaté
515,SANTA CLARA D'OESTE,183.458,2113,11.36,48.78,1.531.284.899,32177.82,3546108,517,509,SANTA CLARA D'OESTE,SANTA CLARA D'OESTE,DRS 15 São José do Rio Preto
516,SANTA CRUZ DA CONCEIÇÃO,150.130,4544,26.66,30.30,2.175.271.564,27720.76,3546207,518,510,SANTA CRUZ DA CONCEIÇÃO,SANTA CRUZ DA CONCEICAO,DRS 10 Piracicaba
517,SANTA CRUZ DA ESPERANÇA,148.062,2153,13.19,66.67,1.468.003.002,24309.59,3546256,519,511,SANTA CRUZ DA ESPERANÇA,SANTA CRUZ DA ESPERANCA,DRS 13 Ribeirão Preto
518,SANTA CRUZ DAS PALMEIRAS,295.337,34737,101.35,12.69,7.508.550.382,14724.73,3546306,520,512,SANTA CRUZ DAS PALMEIRAS,SANTA CRUZ DAS PALMEIRAS,DRS 14 São João da Boa Vista
519,SANTA CRUZ DO RIO PARDO,1.114.747,47943,39.44,09.04,14.003.527.044,42906.75,3546405,521,513,SANTA CRUZ DO RIO PARDO,SANTA CRUZ DO RIO PARDO,DRS 09 Marília
520,SANTA ERNESTINA,134.421,5588,41.42,16.95,1.714.222.391,16537.75,3546504,522,514,SANTA ERNESTINA,SANTA ERNESTINA,DRS 03 Araraquara
521,SANTA FÉ DO SUL,206.537,32563,141.81,6.90,14.327.066.428,33819.05,3546603,523,515,SANTA FÉ DO SUL,SANTA FE DO SUL,DRS 15 São José do Rio Preto
522,SANTA GERTRUDES,98.291,27381,220.1,3.16,9.570.211.402,67000.11,3546702,524,516,SANTA GERTRUDES,SANTA GERTRUDES,DRS 10 Piracicaba
523,SANTA ISABEL,363.332,57966,138.87,9.75,13.902.052.821,27752.63,3546801,525,517,SANTA ISABEL,SANTA ISABEL,DRS 01 Grande São Paulo
524,SANTA LÚCIA,153.860,8854,53.55,20.20,1.796.846.151,13080.61,3546900,526,518,SANTA LÚCIA,SANTA LUCIA,DRS 03 Araraquara
525,SANTA MARIA DA SERRA,252.621,6236,21.43,12.35,1.858.887.639,21876.38,3547007,527,519,SANTA MARIA DA SERRA,SANTA MARIA DA SERRA,DRS 10 Piracicaba
526,SANTA MERCEDES,166.753,2943,16.96,27.03,1.355.866.328,22641.73,3547106,528,520,SANTA MERCEDES,SANTA MERCEDES,DRS 11 Presidente Prudente
527,SANTANA DA PONTE PENSA,129.888,1467,12.6,111.11,1.113.800.382,23521.23,3547205,533,525,SANTANA DA PONTE PENSA,SANTANA DA PONTE PENSA,DRS 15 São José do Rio Preto
528,SANTANA DE PARNAÍBA,179.949,142301,604.74,8.32,6.943.226.095,67650.64,3547304,534,526,SANTANA DE PARNAÍBA,SANTANA DE PARNAIBA,DRS 01 Grande São Paulo
529,SANTA RITA D'OESTE,209.800,2487,12.1,52.63,1.555.707.891,25305.72,3547403,529,521,SANTA RITA D'OESTE,SANTA RITA D'OESTE,DRS 15 São José do Rio Preto
530,SANTA RITA DO PASSA QUATRO,754.141,27600,35.11,20.16,7.946.384.533,24132.89,3547502,530,522,SANTA RITA DO PASSA QUATRO,SANTA RITA DO PASSA QUATRO,DRS 13 Ribeirão Preto
531,SANTA ROSA DE VITERBO,288.576,26753,82.69,8.20,6.103.555.143,26438.67,3547601,531,523,SANTA ROSA DE VITERBO,SANTA ROSA DE VITERBO,DRS 13 Ribeirão Preto
532,SANTA SALETE,79.192,1552,18.23,-,1.288.079.665,23375.01,3547650,532,524,SANTA SALETE,SANTA SALETE,DRS 15 São José do Rio Preto
533,SANTO ANASTÁCIO,552.876,20866,37.06,22.83,4.406.392.075,19766.77,3547700,535,527,SANTO ANASTÁCIO,SANTO ANASTACIO,DRS 11 Presidente Prudente
534,SANTO ANDRÉ,175.782,721368,3848.01,7.59,230.185.231.093,40489.21,3547809,536,528,SANTO ANDRÉ,SANTO ANDRE,DRS 01 Grande São Paulo
535,SANTO ANTÔNIO DA ALEGRIA,310.311,6977,20.32,25.64,2.201.369.989,18953.27,3547908,537,529,SANTO ANTÔNIO DA ALEGRIA,SANTO ANTONIO DA ALEGRIA,DRS 13 Ribeirão Preto
536,SANTO ANTÔNIO DE POSSE,154.133,23529,134.09,15.27,7.699.472.169,48880.01,3548005,538,530,SANTO ANTÔNIO DE POSSE,SANTO ANTONIO DE POSSE,
537,SANTO ANTÔNIO DO ARACANGUÁ,1.308.432,8481,5.83,29.13,4.116.792.738,24823.67,3548054,539,531,SANTO ANTÔNIO DO ARACANGUÁ,SANTO ANTONIO DO ARACANGUA,DRS 02 Araçatuba
538,SANTO ANTÔNIO DO JARDIM,109.956,5940,54.05,39.22,1.622.615.253,25307.38,3548104,540,532,SANTO ANTÔNIO DO JARDIM,SANTO ANTONIO DO JARDIM,DRS 14 São João da Boa Vista
539,SANTO ANTÔNIO DO PINHAL,133.008,6827,48.76,21.51,2.484.380.549,16258.73,3548203,541,533,SANTO ANTÔNIO DO PINHAL,SANTO ANTONIO DO PINHAL,DRS 17 Taubaté
540,SANTO EXPEDITO,94.465,3135,29.68,30.30,116.784.444,12372.99,3548302,542,534,SANTO EXPEDITO,SANTO EXPEDITO,DRS 11 Presidente Prudente
541,SANTÓPOLIS DO AGUAPEÍ,128.026,4817,33.44,16.95,1.449.899.071,14856.83,3548401,543,536,SANTÓPOLIS DO AGUAPEÍ,SANTOPOLIS DO AGUAPEI,DRS 02 Araçatuba
542,SANTOS,281.033,433656,1494.26,09.02,2.489.780.313,51915.03,3548500,544,535,SANTOS,SANTOS,DRS 04 Baixada Santista
543,SÃO BENTO DO SAPUCAÍ,252.579,10893,41.37,8.20,2.964.338.366,18725.82,3548609,545,553,SÃO BENTO DO SAPUCAÍ,SAO BENTO DO SAPUCAI,DRS 17 Taubaté
544,SÃO BERNARDO DO CAMPO,409.532,844483,1869.36,9.29,357.482.853.686,60689.23,3548708,546,554,SÃO BERNARDO DO CAMPO,SAO BERNARDO DO CAMPO,DRS 01 Grande São Paulo
545,SÃO CAETANO DO SUL,15.331,161957,9736.03,6.54,115.817.091.112,83860.42,3548807,547,555,SÃO CAETANO DO SUL,SAO CAETANO DO SUL,DRS 01 Grande São Paulo
546,SÃO CARLOS,1.136.907,254484,195.15,7.74,71.903.629.493,44796.83,3548906,548,556,SÃO CARLOS,SAO CARLOS,DRS 03 Araraquara
547,SÃO FRANCISCO,75.579,2817,36.94,51.28,1.437.734.253,16925.04,3549003,549,557,SÃO FRANCISCO,SAO FRANCISCO,DRS 15 São José do Rio Preto
548,SÃO JOÃO DA BOA VISTA,516.399,91771,161.96,15.97,31.394.732.844,34522.54,3549102,550,564,SÃO JOÃO DA BOA VISTA,SAO JOAO DA BOA VISTA,DRS 14 São João da Boa Vista
549,SÃO JOÃO DAS DUAS PONTES,129.462,2561,19.84,33.33,136.876.726,17241.57,3549201,551,565,SÃO JOÃO DAS DUAS PONTES,SAO JOAO DAS DUAS PONTES,DRS 15 São José do Rio Preto
550,SÃO JOÃO DE IRACEMA,178.396,1932,9.97,153.85,1.481.882.878,17697.63,3549250,552,566,SÃO JOÃO DE IRACEMA,SAO JOAO DE IRACEMA,DRS 15 São José do Rio Preto
551,SÃO JOÃO DO PAU D'ALHO,117.665,2100,17.86,43.48,1.226.472.769,21896.43,3549300,553,567,SÃO JOÃO DO PAU D'ALHO,SAO JOAO DO PAU D'ALHO,DRS 11 Presidente Prudente
552,SÃO JOAQUIM DA BARRA,410.863,52319,113.28,8.53,11.725.073.056,33011.12,3549409,554,558,SÃO JOAQUIM DA BARRA,SAO JOAQUIM DA BARRA,DRS 08 Franca
553,SÃO JOSÉ DA BELA VISTA,276.952,8960,30.35,21.28,2.692.364.328,18219.25,3549508,555,559,SÃO JOSÉ DA BELA VISTA,SAO JOSE DA BELA VISTA,DRS 08 Franca
554,SÃO JOSÉ DO BARREIRO,570.685,4144,7.14,24.39,1.763.631.202,12761.63,3549607,556,560,SÃO JOSÉ DO BARREIRO,SAO JOSE DO BARREIRO,DRS 17 Taubaté
555,SÃO JOSÉ DO RIO PARDO,419.684,55124,123.81,5.67,16.263.164.764,33227.23,3549706,557,561,SÃO JOSÉ DO RIO PARDO,SAO JOSE DO RIO PARDO,DRS 14 São João da Boa Vista
556,SÃO JOSÉ DO RIO PRETO,431.944,464983,945.12,8.42,148.508.901.712,38449.7,3549805,558,562,SÃO JOSÉ DO RIO PRETO,SAO JOSE DO RIO PRETO,DRS 15 São José do Rio Preto
557,SÃO JOSÉ DOS CAMPOS,1.099.409,729737,572.96,9.34,243.945.695.088,55603.18,3549904,559,563,SÃO JOSÉ DOS CAMPOS,SAO JOSE DOS CAMPOS,DRS 17 Taubaté
558,SÃO LOURENÇO DA SERRA,186.456,15978,74.99,4.95,3.717.015.235,13319.9,3549953,560,568,SÃO LOURENÇO DA SERRA,SAO LOURENCO DA SERRA,DRS 01 Grande São Paulo
559,SÃO LUIZ DO PARAITINGA,617.315,10690,16.84,8.26,3.233.016.485,15394.97,3550001,561,569,SÃO LUIZ DO PARAITINGA,SAO LUIZ DO PARAITINGA,DRS 17 Taubaté
560,SÃO MANUEL,650.734,41123,58.92,9.54,1.142.406.622,29556.56,3550100,562,570,SÃO MANUEL,SAO MANUEL,DRS 06 Bauru
561,SÃO MIGUEL ARCANJO,930.339,33002,33.8,14.22,7.310.570.149,20727.11,3550209,563,571,SÃO MIGUEL ARCANJO,SAO MIGUEL ARCANJO,DRS 16 Sorocaba
562,SÃO PAULO,1.521.110,12325232,7398.26,11.19,5.141.402.907.708,58691.9,3550308,564,572,SÃO PAULO,SAO PAULO,DRS 01 Grande São Paulo
563,SÃO PEDRO,611.278,35980,51.98,4.68,10.885.813.408,21316.77,3550407,565,573,SÃO PEDRO,SAO PEDRO,DRS 10 Piracicaba
564,SÃO PEDRO DO TURVO,731.221,7696,9.84,23.26,2.589.361.321,23834.77,3550506,566,574,SÃO PEDRO DO TURVO,SAO PEDRO DO TURVO,DRS 09 Marília
565,SÃO ROQUE,306.908,92060,256.82,13.65,23.847.189.096,33039.26,3550605,567,575,SÃO ROQUE,SAO ROQUE,DRS 16 Sorocaba
566,SÃO SEBASTIÃO,402.395,90328,185.0,7.75,64.159.319.352,43173.65,3550704,568,576,SÃO SEBASTIÃO,SAO SEBASTIAO,DRS 17 Taubaté
567,SÃO SEBASTIÃO DA GRAMA,252.410,12159,47.94,19.05,3.036.808.808,23386.39,3550803,569,577,SÃO SEBASTIÃO DA GRAMA,SAO SEBASTIAO DA GRAMA,DRS 14 São João da Boa Vista
568,SÃO SIMÃO,617.252,15385,23.24,15.04,4.886.635.085,29049.13,3550902,570,578,SÃO SIMÃO,SAO SIMAO,DRS 13 Ribeirão Preto
569,SÃO VICENTE,148.100,368355,2247.88,16.10,89.572.104.015,15006.76,3551009,571,579,SÃO VICENTE,SAO VICENTE,DRS 04 Baixada Santista
570,SARAPUÍ,352.592,10390,25.6,8.47,2.639.332.905,14289.18,3551108,572,537,SARAPUÍ,SARAPUI,DRS 16 Sorocaba
571,SARUTAIÁ,141.608,3630,25.58,17.24,1.311.647.751,16875.42,3551207,573,538,SARUTAIÁ,SARUTAIA,DRS 06 Bauru
572,SEBASTIANÓPOLIS DO SUL,167.848,3554,18.03,48.78,1.881.318.047,71224.85,3551306,574,539,SEBASTIANÓPOLIS DO SUL,SEBASTIANOPOLIS DO SUL,DRS 15 São José do Rio Preto
573,SERRA AZUL,283.144,14981,39.75,7.41,2.632.356.501,10758.97,3551405,575,540,SERRA AZUL,SERRA AZUL,DRS 13 Ribeirão Preto
574,SERRANA,126.046,45644,308.44,7.85,12.413.069.363,20663.93,3551504,577,542,SERRANA,SERRANA,DRS 13 Ribeirão Preto
575,SERRA NEGRA,203.734,29452,129.52,12.31,9.309.180.207,24910.92,3551603,576,541,SERRA NEGRA,SERRA NEGRA,DRS 07 Campinas
576,SERTÃOZINHO,403.089,127142,273.22,15.19,43.647.244.101,44163.83,3551702,578,543,SERTÃOZINHO,SERTAOZINHO,DRS 13 Ribeirão Preto
577,SETE BARRAS,1.062.699,12780,12.24,4.95,3.669.815.678,28760.76,3551801,579,544,SETE BARRAS,SETE BARRAS,DRS 12 Registro
578,SEVERÍNIA,140.460,17661,110.38,16.22,5.337.290.145,13372.83,3551900,580,545,SEVERÍNIA,SEVERINIA,DRS 05 Barretos
579,SILVEIRAS,414.782,6339,13.96,14.29,2.142.088.003,11685.72,3552007,581,546,SILVEIRAS,SILVEIRAS,DRS 17 Taubaté
580,SOCORRO,449.029,41352,81.7,12.08,9.475.396.146,21180.14,3552106,582,547,SOCORRO,SOCORRO,DRS 07 Campinas
581,SOROCABA,450.382,687357,1304.18,9.71,241.115.068.528,52169.13,3552205,583,548,SOROCABA,SOROCABA,DRS 16 Sorocaba
582,SUD MENNUCCI,594.744,7728,12.57,9.43,3.483.406.856,21694.14,3552304,584,549,SUD MENNUCCI,SUD MENNUCCI,DRS 02 Araçatuba
583,SUMARÉ,153.465,286211,1572.04,8.88,59.415.462.105,51832.02,3552403,585,550,SUMARÉ,SUMARE,DRS 07 Campinas
584,SUZANO,206.236,300559,1272.93,10.75,60.056.875.131,37835.81,3552502,587,551,SUZANO,SUZANO,DRS 01 Grande São Paulo
585,SUZANÁPOLIS,330.587,4014,10.24,27.03,2.302.492.817,64171.13,3552551,586,552,SUZANÁPOLIS,SUZANAPOLIS,DRS 02 Araçatuba
586,TABAPUÃ,345.792,12485,32.88,17.86,3.420.520.659,19073.08,3552601,588,580,TABAPUÃ,TABAPUA,DRS 15 São José do Rio Preto
587,TABATINGA,368.604,16644,39.74,14.15,3.600.723.217,15488.05,3552700,589,581,TABATINGA,TABATINGA,DRS 03 Araraquara
588,TABOÃO DA SERRA,20.388,293652,11994.31,13.30,68.760.938.547,29340.9,3552809,590,582,TABOÃO DA SERRA,TABOAO DA SERRA,DRS 01 Grande São Paulo
589,TACIBA,607.267,6329,9.41,12.35,3.417.234.895,25011.83,3552908,591,583,TACIBA,TACIBA,DRS 11 Presidente Prudente
590,TAGUAÍ,145.332,14141,74.51,21.62,3.144.380.012,19998.06,3553005,592,584,TAGUAÍ,TAGUAI,DRS 06 Bauru
591,TAIAÇU,107.059,6320,55.27,37.04,1.852.071.058,15473.51,3553104,593,585,TAIAÇU,TAIACU,DRS 05 Barretos
592,TAIÚVA,132.459,5564,41.12,34.48,1.911.440.334,20486.83,3553203,594,586,TAIÚVA,TAIUVA,DRS 05 Barretos
593,TAMBAÚ,561.788,23232,39.88,13.20,7.003.354.986,24209.88,3553302,595,587,TAMBAÚ,TAMBAU,DRS 14 São João da Boa Vista
594,TANABI,747.218,26101,32.25,04.02,6.488.793.619,35899.14,3553401,596,588,TANABI,TANABI,DRS 15 São José do Rio Preto
595,TAPIRAÍ,755.100,7766,10.61,33.71,2.254.915.523,18028.56,3553500,597,590,TAPIRAÍ,TAPIRAI,DRS 16 Sorocaba
596,TAPIRATIBA,221.891,12950,57.23,6.94,3.638.266.474,25093.84,3553609,598,589,TAPIRATIBA,TAPIRATIBA,DRS 14 São João da Boa Vista
597,TAQUARAL,53.892,2813,50.58,31.25,1.332.540.252,13710.81,3553658,599,591,TAQUARAL,TAQUARAL,DRS 05 Barretos
598,TAQUARITINGA,594.335,57364,90.95,11.01,17.250.013.688,27561.71,3553708,600,592,TAQUARITINGA,TAQUARITINGA,DRS 03 Araraquara
599,TAQUARITUBA,448.515,23256,49.71,17.36,6.714.529.949,29717.12,3553807,601,593,TAQUARITUBA,TAQUARITUBA,DRS 06 Bauru
600,TAQUARIVAÍ,231.792,5911,22.22,10.53,2.177.357.811,37750.95,3553856,602,594,TAQUARIVAÍ,TAQUARIVAI,DRS 16 Sorocaba
601,TARABAI,201.385,7540,32.78,10.42,2.100.502.729,15509.65,3553906,603,595,TARABAI,TARABAI,DRS 11 Presidente Prudente
602,TARUMÃ,302.913,15183,42.5,14.35,5.273.548.111,52291.48,3553955,604,596,TARUMÃ,TARUMA,DRS 09 Marília
603,TATUÍ,523.749,122967,205.03,12.99,29.401.376.822,33202.74,3554003,605,597,TATUÍ,TATUI,DRS 16 Sorocaba
604,TAUBATÉ,625.003,317915,445.98,12.53,108.850.718.946,55369.58,3554102,606,598,TAUBATÉ,TAUBATE,DRS 17 Taubaté
605,TEJUPÁ,296.189,4491,16.23,16.39,1.702.499.747,17508.61,3554201,607,599,TEJUPÁ,TEJUPA,DRS 06 Bauru
606,TEODORO SAMPAIO,1.555.803,23273,13.74,14.08,6.584.112.864,19004.83,3554300,608,600,TEODORO SAMPAIO,TEODORO SAMPAIO,DRS 11 Presidente Prudente
607,TERRA ROXA,221.541,9437,38.39,10.31,2.372.592.671,15136.01,3554409,609,601,TERRA ROXA,TERRA ROXA,DRS 05 Barretos
608,TIETÊ,404.396,42517,91.09,9.42,13.382.402.054,43859.26,3554508,610,602,TIETÊ,TIETE,DRS 16 Sorocaba
609,TIMBURI,196.790,2652,13.45,47.62,1.564.012.207,16512.98,3554607,611,603,TIMBURI,TIMBURI,DRS 09 Marília
610,TORRE DE PEDRA,71.348,2422,31.59,40.00,118.465.287,12505.12,3554656,612,604,TORRE DE PEDRA,TORRE DE PEDRA,DRS 06 Bauru
611,TORRINHA,315.267,10056,29.59,19.42,220.238.828,20407.61,3554706,613,605,TORRINHA,TORRINHA,DRS 06 Bauru
612,TRABIJU,63.421,1738,24.35,142.86,1.094.536.461,23765.75,3554755,614,606,TRABIJÚ,TRABIJU,DRS 03 Araraquara
613,TREMEMBÉ,191.094,47714,214.17,11.95,11.371.491.882,16194.84,3554805,615,607,TREMEMBÉ,TREMEMBE,DRS 17 Taubaté
614,TRÊS FRONTEIRAS,151.594,5832,35.9,12.50,1.719.962.123,18493.07,3554904,616,608,TRÊS FRONTEIRAS,TRES FRONTEIRAS,DRS 15 São José do Rio Preto
615,TUIUTI,126.731,6977,46.8,18.87,1.814.940.958,20003.02,3554953,617,609,TUIUTI,TUIUTI,DRS 07 Campinas
616,TUPÃ,627.986,65570,100.99,15.03,14.530.654.681,27412.94,3555000,618,611,TUPÃ,TUPA,DRS 09 Marília
617,TUPI PAULISTA,244.770,15583,58.16,18.18,3.895.097.427,17786.01,3555109,619,610,TUPI PAULISTA,TUPI PAULISTA,DRS 11 Presidente Prudente
618,TURIÚBA,153.235,2020,12.6,71.43,1.559.311.808,20889.9,3555208,620,612,TURIÚBA,TURIUBA,DRS 02 Araçatuba
619,TURMALINA,147.797,1696,13.37,90.91,1.456.755.513,31849.8,3555307,621,613,TURMALINA,TURMALINA,DRS 15 São José do Rio Preto
620,UBARANA,209.861,6400,25.23,10.87,2.417.093.582,50883.11,3555356,622,614,UBARANA,UBARANA,DRS 15 São José do Rio Preto
621,UBATUBA,708.105,91824,108.87,14.15,29.815.669.047,23826.8,3555406,623,615,UBATUBA,UBATUBA,DRS 17 Taubaté
622,UBIRAJARA,282.179,4804,15.68,11.63,1.656.292.581,19662.0,3555505,624,616,UBIRAJARA,UBIRAJARA,DRS 09 Marília
623,UCHOA,252.434,10151,37.51,10.64,3.690.101.191,22187.55,3555604,625,617,UCHÔA,UCHOA,DRS 15 São José do Rio Preto
624,UNIÃO PAULISTA,79.056,1865,20.21,90.91,1.219.537.474,24943.12,3555703,626,618,UNIÃO PAULISTA,UNIAO PAULISTA,DRS 15 São José do Rio Preto
625,URÂNIA,209.262,9120,42.29,10.53,2.228.244.791,23635.22,3555802,627,621,URÂNIA,URANIA,DRS 15 São José do Rio Preto
626,URU,146.901,1153,8.51,90.91,128.089.538,35143.93,3555901,628,619,URU,URU,DRS 06 Bauru
627,URUPÊS,323.916,13888,39.27,6.90,3.802.705.381,28591.76,3556008,629,620,URUPÊS,URUPES,DRS 15 São José do Rio Preto
628,VALENTIM GENTIL,149.741,13532,73.72,10.93,3.359.752.379,24770.24,3556107,630,622,VALENTIM GENTIL,VALENTIM GENTIL,DRS 15 São José do Rio Preto
629,VALINHOS,148.538,131210,718.7,7.18,46.500.677.039,48768.26,3556206,631,623,VALINHOS,VALINHOS,DRS 07 Campinas
630,VALPARAÍSO,857.661,26822,26.33,15.53,7.631.353.161,33427.0,3556305,632,624,VALPARAÍSO,VALPARAISO,DRS 02 Araçatuba
631,VARGEM,142.595,10692,61.71,17.54,2.127.149.876,12706.02,3556354,633,625,VARGEM,VARGEM,DRS 07 Campinas
632,VARGEM GRANDE DO SUL,267.178,43110,146.94,10.79,9.927.163.142,22882.07,3556404,634,626,VARGEM GRANDE DO SUL,VARGEM GRANDE DO SUL,DRS 14 São João da Boa Vista
633,VARGEM GRANDE PAULISTA,42.489,53468,1012.1,8.11,14.051.841.277,40282.68,3556453,635,627,VARGEM GRANDE PAULISTA,VARGEM GRANDE PAULISTA,DRS 01 Grande São Paulo
634,VÁRZEA PAULISTA,35.120,123071,3049.14,15.17,23.574.621.113,23585.08,3556503,636,635,VÁRZEA PAULISTA,VARZEA PAULISTA,DRS 07 Campinas
635,VERA CRUZ,247.716,10823,43.41,09.01,2.598.575.064,13148.65,3556602,637,628,VERA CRUZ,VERA CRUZ,DRS 09 Marília
636,VINHEDO,81.604,80111,779.51,9.50,41.835.627.866,119996.43,3556701,638,629,VINHEDO,VINHEDO,DRS 07 Campinas
637,VIRADOURO,217.726,19017,79.44,8.97,5.160.634.254,18419.26,3556800,639,630,VIRADOURO,VIRADOURO,DRS 05 Barretos
638,VISTA ALEGRE DO ALTO,95.429,8989,72.5,12.20,3.137.457.874,40055.36,3556909,640,631,VISTA ALEGRE DO ALTO,VISTA ALEGRE DO ALTO,DRS 05 Barretos
639,VITÓRIA BRASIL,49.832,1846,34.95,66.67,1.119.787.992,19590.64,3556958,641,632,VITÓRIA BRASIL,VITORIA BRASIL,DRS 15 São José do Rio Preto
640,VOTORANTIM,183.517,123599,591.04,13.64,34.541.468.654,25495.29,3557006,642,633,VOTORANTIM,VOTORANTIM,DRS 16 Sorocaba
641,VOTUPORANGA,420.703,95338,201.15,8.61,27.205.423.556,31244.0,3557105,643,634,VOTUPORANGA,VOTUPORANGA,DRS 15 São José do Rio Preto
642,ZACARIAS,319.056,2752,7.32,32.26,1.871.416.876,32979.59,3557154,644,636,ZACARIAS,ZACARIAS,DRS 15 São José do Rio Preto
643,CHAVANTES,188.727,12418,64.4,5.29,3.434.323.006,16706.08,3557204,133,123,CHAVANTES,CHAVANTES,DRS 09 Marília
644,ESTIVA GERBI,74.144,11407,135.35,7.87,3.542.287.636,29883.47,3557303,174,167,ESTIVA GERBI,ESTIVA GERBI,DRS 14 São João da Boa Vista
