,Município1,Código Município IBGE,População estimada (2020),UF1,Data,Média de Índice De Isolamento
70652,VOTUPORANGA,3557105,95338,SP,"domingo, 01/03",40%
70410,VOTUPORANGA,3557105,95338,SP,"domingo, 01/11",43%
70228,VOTUPORANGA,3557105,95338,SP,"domingo, 02/05",49%
70501,VOTUPORANGA,3557105,95338,SP,"domingo, 02/08",52%
70347,VOTUPORANGA,3557105,95338,SP,"domingo, 03/01",48%
70592,VOTUPORANGA,3557105,95338,SP,"domingo, 03/05",64%
70256,VOTUPORANGA,3557105,95338,SP,"domingo, 04/04",51%
70165,VOTUPORANGA,3557105,95338,SP,"domingo, 04/07",49%
70438,VOTUPORANGA,3557105,95338,SP,"domingo, 04/10",46%
70620,VOTUPORANGA,3557105,95338,SP,"domingo, 05/04",62%
70529,VOTUPORANGA,3557105,95338,SP,"domingo, 05/07",49%
70193,VOTUPORANGA,3557105,95338,SP,"domingo, 06/06",45%
70466,VOTUPORANGA,3557105,95338,SP,"domingo, 06/09",45%
70375,VOTUPORANGA,3557105,95338,SP,"domingo, 06/12",42%
70312,VOTUPORANGA,3557105,95338,SP,"domingo, 07/02",45%
70284,VOTUPORANGA,3557105,95338,SP,"domingo, 07/03",53%
70557,VOTUPORANGA,3557105,95338,SP,"domingo, 07/06",53%
70645,VOTUPORANGA,3557105,95338,SP,"domingo, 08/03",39%
70403,VOTUPORANGA,3557105,95338,SP,"domingo, 08/11",48%
70221,VOTUPORANGA,3557105,95338,SP,"domingo, 09/05",44%
70494,VOTUPORANGA,3557105,95338,SP,"domingo, 09/08",40%
70340,VOTUPORANGA,3557105,95338,SP,"domingo, 10/01",43%
70585,VOTUPORANGA,3557105,95338,SP,"domingo, 10/05",58%
70249,VOTUPORANGA,3557105,95338,SP,"domingo, 11/04",47%
70158,VOTUPORANGA,3557105,95338,SP,"domingo, 11/07",46%
70431,VOTUPORANGA,3557105,95338,SP,"domingo, 11/10",44%
70613,VOTUPORANGA,3557105,95338,SP,"domingo, 12/04",64%
70522,VOTUPORANGA,3557105,95338,SP,"domingo, 12/07",50%
70186,VOTUPORANGA,3557105,95338,SP,"domingo, 13/06",45%
70459,VOTUPORANGA,3557105,95338,SP,"domingo, 13/09",48%
70368,VOTUPORANGA,3557105,95338,SP,"domingo, 13/12",44%
70305,VOTUPORANGA,3557105,95338,SP,"domingo, 14/02",45%
70277,VOTUPORANGA,3557105,95338,SP,"domingo, 14/03",51%
70550,VOTUPORANGA,3557105,95338,SP,"domingo, 14/06",51%
70396,VOTUPORANGA,3557105,95338,SP,"domingo, 15/11",43%
70214,VOTUPORANGA,3557105,95338,SP,"domingo, 16/05",47%
70487,VOTUPORANGA,3557105,95338,SP,"domingo, 16/08",49%
70333,VOTUPORANGA,3557105,95338,SP,"domingo, 17/01",46%
70578,VOTUPORANGA,3557105,95338,SP,"domingo, 17/05",48%
70242,VOTUPORANGA,3557105,95338,SP,"domingo, 18/04",50%
70151,VOTUPORANGA,3557105,95338,SP,"domingo, 18/07",46%
70424,VOTUPORANGA,3557105,95338,SP,"domingo, 18/10",45%
70606,VOTUPORANGA,3557105,95338,SP,"domingo, 19/04",65%
70515,VOTUPORANGA,3557105,95338,SP,"domingo, 19/07",44%
70179,VOTUPORANGA,3557105,95338,SP,"domingo, 20/06",46%
70452,VOTUPORANGA,3557105,95338,SP,"domingo, 20/09",46%
70361,VOTUPORANGA,3557105,95338,SP,"domingo, 20/12",45%
70298,VOTUPORANGA,3557105,95338,SP,"domingo, 21/02",46%
70270,VOTUPORANGA,3557105,95338,SP,"domingo, 21/03",56%
70543,VOTUPORANGA,3557105,95338,SP,"domingo, 21/06",47%
70634,VOTUPORANGA,3557105,95338,SP,"domingo, 22/03",59%
70389,VOTUPORANGA,3557105,95338,SP,"domingo, 22/11",48%
70207,VOTUPORANGA,3557105,95338,SP,"domingo, 23/05",49%
70480,VOTUPORANGA,3557105,95338,SP,"domingo, 23/08",50%
70326,VOTUPORANGA,3557105,95338,SP,"domingo, 24/01",45%
70571,VOTUPORANGA,3557105,95338,SP,"domingo, 24/05",54%
70235,VOTUPORANGA,3557105,95338,SP,"domingo, 25/04",49%
70417,VOTUPORANGA,3557105,95338,SP,"domingo, 25/10",43%
70599,VOTUPORANGA,3557105,95338,SP,"domingo, 26/04",65%
70508,VOTUPORANGA,3557105,95338,SP,"domingo, 26/07",48%
70172,VOTUPORANGA,3557105,95338,SP,"domingo, 27/06",46%
70445,VOTUPORANGA,3557105,95338,SP,"domingo, 27/09",49%
70354,VOTUPORANGA,3557105,95338,SP,"domingo, 27/12",48%
70291,VOTUPORANGA,3557105,95338,SP,"domingo, 28/02",50%
70263,VOTUPORANGA,3557105,95338,SP,"domingo, 28/03",54%
70536,VOTUPORANGA,3557105,95338,SP,"domingo, 28/06",47%
70627,VOTUPORANGA,3557105,95338,SP,"domingo, 29/03",60%
70382,VOTUPORANGA,3557105,95338,SP,"domingo, 29/11",43%
70200,VOTUPORANGA,3557105,95338,SP,"domingo, 30/05",46%
70473,VOTUPORANGA,3557105,95338,SP,"domingo, 30/08",46%
70319,VOTUPORANGA,3557105,95338,SP,"domingo, 31/01",46%
70564,VOTUPORANGA,3557105,95338,SP,"domingo, 31/05",46%
70624,VOTUPORANGA,3557105,95338,SP,"quarta-feira, 01/04",59%
70533,VOTUPORANGA,3557105,95338,SP,"quarta-feira, 01/07",43%
70197,VOTUPORANGA,3557105,95338,SP,"quarta-feira, 02/06",39%
70470,VOTUPORANGA,3557105,95338,SP,"quarta-feira, 02/09",43%
70379,VOTUPORANGA,3557105,95338,SP,"quarta-feira, 02/12",42%
70316,VOTUPORANGA,3557105,95338,SP,"quarta-feira, 03/02",37%
70288,VOTUPORANGA,3557105,95338,SP,"quarta-feira, 03/03",40%
70561,VOTUPORANGA,3557105,95338,SP,"quarta-feira, 03/06",46%
70649,VOTUPORANGA,3557105,95338,SP,"quarta-feira, 04/03",40%
70407,VOTUPORANGA,3557105,95338,SP,"quarta-feira, 04/11",40%
70225,VOTUPORANGA,3557105,95338,SP,"quarta-feira, 05/05",40%
70498,VOTUPORANGA,3557105,95338,SP,"quarta-feira, 05/08",42%
70344,VOTUPORANGA,3557105,95338,SP,"quarta-feira, 06/01",33%
70589,VOTUPORANGA,3557105,95338,SP,"quarta-feira, 06/05",53%
70253,VOTUPORANGA,3557105,95338,SP,"quarta-feira, 07/04",41%
70162,VOTUPORANGA,3557105,95338,SP,"quarta-feira, 07/07",39%
70435,VOTUPORANGA,3557105,95338,SP,"quarta-feira, 07/10",40%
70617,VOTUPORANGA,3557105,95338,SP,"quarta-feira, 08/04",55%
70526,VOTUPORANGA,3557105,95338,SP,"quarta-feira, 08/07",46%
70190,VOTUPORANGA,3557105,95338,SP,"quarta-feira, 09/06",40%
70463,VOTUPORANGA,3557105,95338,SP,"quarta-feira, 09/09",40%
70372,VOTUPORANGA,3557105,95338,SP,"quarta-feira, 09/12",40%
70309,VOTUPORANGA,3557105,95338,SP,"quarta-feira, 10/02",39%
70281,VOTUPORANGA,3557105,95338,SP,"quarta-feira, 10/03",42%
70554,VOTUPORANGA,3557105,95338,SP,"quarta-feira, 10/06",45%
70642,VOTUPORANGA,3557105,95338,SP,"quarta-feira, 11/03",37%
70400,VOTUPORANGA,3557105,95338,SP,"quarta-feira, 11/11",40%
70218,VOTUPORANGA,3557105,95338,SP,"quarta-feira, 12/05",40%
70491,VOTUPORANGA,3557105,95338,SP,"quarta-feira, 12/08",41%
70337,VOTUPORANGA,3557105,95338,SP,"quarta-feira, 13/01",39%
70582,VOTUPORANGA,3557105,95338,SP,"quarta-feira, 13/05",53%
70246,VOTUPORANGA,3557105,95338,SP,"quarta-feira, 14/04",41%
70155,VOTUPORANGA,3557105,95338,SP,"quarta-feira, 14/07",42%
70428,VOTUPORANGA,3557105,95338,SP,"quarta-feira, 14/10",40%
70610,VOTUPORANGA,3557105,95338,SP,"quarta-feira, 15/04",55%
70519,VOTUPORANGA,3557105,95338,SP,"quarta-feira, 15/07",43%
70183,VOTUPORANGA,3557105,95338,SP,"quarta-feira, 16/06",40%
70456,VOTUPORANGA,3557105,95338,SP,"quarta-feira, 16/09",45%
70365,VOTUPORANGA,3557105,95338,SP,"quarta-feira, 16/12",40%
70302,VOTUPORANGA,3557105,95338,SP,"quarta-feira, 17/02",40%
70274,VOTUPORANGA,3557105,95338,SP,"quarta-feira, 17/03",43%
70547,VOTUPORANGA,3557105,95338,SP,"quarta-feira, 17/06",45%
70638,VOTUPORANGA,3557105,95338,SP,"quarta-feira, 18/03",48%
70393,VOTUPORANGA,3557105,95338,SP,"quarta-feira, 18/11",41%
70211,VOTUPORANGA,3557105,95338,SP,"quarta-feira, 19/05",41%
70484,VOTUPORANGA,3557105,95338,SP,"quarta-feira, 19/08",42%
70330,VOTUPORANGA,3557105,95338,SP,"quarta-feira, 20/01",40%
70575,VOTUPORANGA,3557105,95338,SP,"quarta-feira, 20/05",47%
70239,VOTUPORANGA,3557105,95338,SP,"quarta-feira, 21/04",48%
70421,VOTUPORANGA,3557105,95338,SP,"quarta-feira, 21/10",41%
70603,VOTUPORANGA,3557105,95338,SP,"quarta-feira, 22/04",53%
70512,VOTUPORANGA,3557105,95338,SP,"quarta-feira, 22/07",44%
70176,VOTUPORANGA,3557105,95338,SP,"quarta-feira, 23/06",39%
70449,VOTUPORANGA,3557105,95338,SP,"quarta-feira, 23/09",44%
70358,VOTUPORANGA,3557105,95338,SP,"quarta-feira, 23/12",40%
70295,VOTUPORANGA,3557105,95338,SP,"quarta-feira, 24/02",38%
70267,VOTUPORANGA,3557105,95338,SP,"quarta-feira, 24/03",47%
70540,VOTUPORANGA,3557105,95338,SP,"quarta-feira, 24/06",46%
70631,VOTUPORANGA,3557105,95338,SP,"quarta-feira, 25/03",57%
70386,VOTUPORANGA,3557105,95338,SP,"quarta-feira, 25/11",39%
70656,VOTUPORANGA,3557105,95338,SP,"quarta-feira, 26/02",35%
70204,VOTUPORANGA,3557105,95338,SP,"quarta-feira, 26/05",40%
70477,VOTUPORANGA,3557105,95338,SP,"quarta-feira, 26/08",40%
70323,VOTUPORANGA,3557105,95338,SP,"quarta-feira, 27/01",41%
70568,VOTUPORANGA,3557105,95338,SP,"quarta-feira, 27/05",46%
70232,VOTUPORANGA,3557105,95338,SP,"quarta-feira, 28/04",39%
70414,VOTUPORANGA,3557105,95338,SP,"quarta-feira, 28/10",44%
70596,VOTUPORANGA,3557105,95338,SP,"quarta-feira, 29/04",51%
70505,VOTUPORANGA,3557105,95338,SP,"quarta-feira, 29/07",39%
70169,VOTUPORANGA,3557105,95338,SP,"quarta-feira, 30/06",42%
70442,VOTUPORANGA,3557105,95338,SP,"quarta-feira, 30/09",39%
70351,VOTUPORANGA,3557105,95338,SP,"quarta-feira, 30/12",40%
70260,VOTUPORANGA,3557105,95338,SP,"quarta-feira, 31/03",43%
70259,VOTUPORANGA,3557105,95338,SP,"quinta-feira, 01/04",41%
70168,VOTUPORANGA,3557105,95338,SP,"quinta-feira, 01/07",40%
70441,VOTUPORANGA,3557105,95338,SP,"quinta-feira, 01/10",40%
70623,VOTUPORANGA,3557105,95338,SP,"quinta-feira, 02/04",59%
70532,VOTUPORANGA,3557105,95338,SP,"quinta-feira, 02/07",43%
70196,VOTUPORANGA,3557105,95338,SP,"quinta-feira, 03/06",46%
70469,VOTUPORANGA,3557105,95338,SP,"quinta-feira, 03/09",36%
70378,VOTUPORANGA,3557105,95338,SP,"quinta-feira, 03/12",40%
70315,VOTUPORANGA,3557105,95338,SP,"quinta-feira, 04/02",39%
70287,VOTUPORANGA,3557105,95338,SP,"quinta-feira, 04/03",41%
70560,VOTUPORANGA,3557105,95338,SP,"quinta-feira, 04/06",45%
70648,VOTUPORANGA,3557105,95338,SP,"quinta-feira, 05/03",39%
70406,VOTUPORANGA,3557105,95338,SP,"quinta-feira, 05/11",42%
70224,VOTUPORANGA,3557105,95338,SP,"quinta-feira, 06/05",38%
70497,VOTUPORANGA,3557105,95338,SP,"quinta-feira, 06/08",42%
70343,VOTUPORANGA,3557105,95338,SP,"quinta-feira, 07/01",40%
70588,VOTUPORANGA,3557105,95338,SP,"quinta-feira, 07/05",52%
70252,VOTUPORANGA,3557105,95338,SP,"quinta-feira, 08/04",40%
70161,VOTUPORANGA,3557105,95338,SP,"quinta-feira, 08/07",38%
70434,VOTUPORANGA,3557105,95338,SP,"quinta-feira, 08/10",45%
70616,VOTUPORANGA,3557105,95338,SP,"quinta-feira, 09/04",52%
70525,VOTUPORANGA,3557105,95338,SP,"quinta-feira, 09/07",42%
70189,VOTUPORANGA,3557105,95338,SP,"quinta-feira, 10/06",39%
70462,VOTUPORANGA,3557105,95338,SP,"quinta-feira, 10/09",34%
70371,VOTUPORANGA,3557105,95338,SP,"quinta-feira, 10/12",40%
70308,VOTUPORANGA,3557105,95338,SP,"quinta-feira, 11/02",40%
70280,VOTUPORANGA,3557105,95338,SP,"quinta-feira, 11/03",43%
70553,VOTUPORANGA,3557105,95338,SP,"quinta-feira, 11/06",48%
70641,VOTUPORANGA,3557105,95338,SP,"quinta-feira, 12/03",41%
70399,VOTUPORANGA,3557105,95338,SP,"quinta-feira, 12/11",41%
70217,VOTUPORANGA,3557105,95338,SP,"quinta-feira, 13/05",40%
70490,VOTUPORANGA,3557105,95338,SP,"quinta-feira, 13/08",42%
70336,VOTUPORANGA,3557105,95338,SP,"quinta-feira, 14/01",41%
70581,VOTUPORANGA,3557105,95338,SP,"quinta-feira, 14/05",53%
70245,VOTUPORANGA,3557105,95338,SP,"quinta-feira, 15/04",41%
70154,VOTUPORANGA,3557105,95338,SP,"quinta-feira, 15/07",42%
70427,VOTUPORANGA,3557105,95338,SP,"quinta-feira, 15/10",40%
70609,VOTUPORANGA,3557105,95338,SP,"quinta-feira, 16/04",54%
70518,VOTUPORANGA,3557105,95338,SP,"quinta-feira, 16/07",43%
70182,VOTUPORANGA,3557105,95338,SP,"quinta-feira, 17/06",39%
70455,VOTUPORANGA,3557105,95338,SP,"quinta-feira, 17/09",42%
70364,VOTUPORANGA,3557105,95338,SP,"quinta-feira, 17/12",40%
70301,VOTUPORANGA,3557105,95338,SP,"quinta-feira, 18/02",40%
70273,VOTUPORANGA,3557105,95338,SP,"quinta-feira, 18/03",43%
70546,VOTUPORANGA,3557105,95338,SP,"quinta-feira, 18/06",45%
70637,VOTUPORANGA,3557105,95338,SP,"quinta-feira, 19/03",53%
70392,VOTUPORANGA,3557105,95338,SP,"quinta-feira, 19/11",39%
70210,VOTUPORANGA,3557105,95338,SP,"quinta-feira, 20/05",41%
70483,VOTUPORANGA,3557105,95338,SP,"quinta-feira, 20/08",39%
70329,VOTUPORANGA,3557105,95338,SP,"quinta-feira, 21/01",40%
70574,VOTUPORANGA,3557105,95338,SP,"quinta-feira, 21/05",46%
70238,VOTUPORANGA,3557105,95338,SP,"quinta-feira, 22/04",41%
70420,VOTUPORANGA,3557105,95338,SP,"quinta-feira, 22/10",43%
70602,VOTUPORANGA,3557105,95338,SP,"quinta-feira, 23/04",53%
70511,VOTUPORANGA,3557105,95338,SP,"quinta-feira, 23/07",44%
70175,VOTUPORANGA,3557105,95338,SP,"quinta-feira, 24/06",40%
70448,VOTUPORANGA,3557105,95338,SP,"quinta-feira, 24/09",40%
70357,VOTUPORANGA,3557105,95338,SP,"quinta-feira, 24/12",39%
70294,VOTUPORANGA,3557105,95338,SP,"quinta-feira, 25/02",40%
70266,VOTUPORANGA,3557105,95338,SP,"quinta-feira, 25/03",48%
70539,VOTUPORANGA,3557105,95338,SP,"quinta-feira, 25/06",45%
70630,VOTUPORANGA,3557105,95338,SP,"quinta-feira, 26/03",57%
70385,VOTUPORANGA,3557105,95338,SP,"quinta-feira, 26/11",39%
70655,VOTUPORANGA,3557105,95338,SP,"quinta-feira, 27/02",37%
70203,VOTUPORANGA,3557105,95338,SP,"quinta-feira, 27/05",38%
70476,VOTUPORANGA,3557105,95338,SP,"quinta-feira, 27/08",42%
70322,VOTUPORANGA,3557105,95338,SP,"quinta-feira, 28/01",40%
70567,VOTUPORANGA,3557105,95338,SP,"quinta-feira, 28/05",45%
70231,VOTUPORANGA,3557105,95338,SP,"quinta-feira, 29/04",40%
70413,VOTUPORANGA,3557105,95338,SP,"quinta-feira, 29/10",41%
70595,VOTUPORANGA,3557105,95338,SP,"quinta-feira, 30/04",52%
70504,VOTUPORANGA,3557105,95338,SP,"quinta-feira, 30/07",44%
70350,VOTUPORANGA,3557105,95338,SP,"quinta-feira, 31/12",42%
70318,VOTUPORANGA,3557105,95338,SP,"segunda-feira, 01/02",39%
70290,VOTUPORANGA,3557105,95338,SP,"segunda-feira, 01/03",40%
70563,VOTUPORANGA,3557105,95338,SP,"segunda-feira, 01/06",48%
70651,VOTUPORANGA,3557105,95338,SP,"segunda-feira, 02/03",40%
70409,VOTUPORANGA,3557105,95338,SP,"segunda-feira, 02/11",46%
70227,VOTUPORANGA,3557105,95338,SP,"segunda-feira, 03/05",39%
70500,VOTUPORANGA,3557105,95338,SP,"segunda-feira, 03/08",42%
70346,VOTUPORANGA,3557105,95338,SP,"segunda-feira, 04/01",39%
70591,VOTUPORANGA,3557105,95338,SP,"segunda-feira, 04/05",53%
70255,VOTUPORANGA,3557105,95338,SP,"segunda-feira, 05/04",43%
70164,VOTUPORANGA,3557105,95338,SP,"segunda-feira, 05/07",40%
70437,VOTUPORANGA,3557105,95338,SP,"segunda-feira, 05/10",40%
70619,VOTUPORANGA,3557105,95338,SP,"segunda-feira, 06/04",56%
70528,VOTUPORANGA,3557105,95338,SP,"segunda-feira, 06/07",45%
70192,VOTUPORANGA,3557105,95338,SP,"segunda-feira, 07/06",37%
70465,VOTUPORANGA,3557105,95338,SP,"segunda-feira, 07/09",49%
70374,VOTUPORANGA,3557105,95338,SP,"segunda-feira, 07/12",41%
70311,VOTUPORANGA,3557105,95338,SP,"segunda-feira, 08/02",41%
70283,VOTUPORANGA,3557105,95338,SP,"segunda-feira, 08/03",40%
70556,VOTUPORANGA,3557105,95338,SP,"segunda-feira, 08/06",46%
70644,VOTUPORANGA,3557105,95338,SP,"segunda-feira, 09/03",39%
70402,VOTUPORANGA,3557105,95338,SP,"segunda-feira, 09/11",40%
70220,VOTUPORANGA,3557105,95338,SP,"segunda-feira, 10/05",40%
70493,VOTUPORANGA,3557105,95338,SP,"segunda-feira, 10/08",37%
70339,VOTUPORANGA,3557105,95338,SP,"segunda-feira, 11/01",41%
70584,VOTUPORANGA,3557105,95338,SP,"segunda-feira, 11/05",53%
70248,VOTUPORANGA,3557105,95338,SP,"segunda-feira, 12/04",39%
70157,VOTUPORANGA,3557105,95338,SP,"segunda-feira, 12/07",39%
70430,VOTUPORANGA,3557105,95338,SP,"segunda-feira, 12/10",46%
70612,VOTUPORANGA,3557105,95338,SP,"segunda-feira, 13/04",52%
70521,VOTUPORANGA,3557105,95338,SP,"segunda-feira, 13/07",44%
70185,VOTUPORANGA,3557105,95338,SP,"segunda-feira, 14/06",40%
70458,VOTUPORANGA,3557105,95338,SP,"segunda-feira, 14/09",41%
70367,VOTUPORANGA,3557105,95338,SP,"segunda-feira, 14/12",41%
70304,VOTUPORANGA,3557105,95338,SP,"segunda-feira, 15/02",34%
70276,VOTUPORANGA,3557105,95338,SP,"segunda-feira, 15/03",42%
70549,VOTUPORANGA,3557105,95338,SP,"segunda-feira, 15/06",47%
70395,VOTUPORANGA,3557105,95338,SP,"segunda-feira, 16/11",41%
70213,VOTUPORANGA,3557105,95338,SP,"segunda-feira, 17/05",39%
70486,VOTUPORANGA,3557105,95338,SP,"segunda-feira, 17/08",43%
70332,VOTUPORANGA,3557105,95338,SP,"segunda-feira, 18/01",40%
70577,VOTUPORANGA,3557105,95338,SP,"segunda-feira, 18/05",49%
70241,VOTUPORANGA,3557105,95338,SP,"segunda-feira, 19/04",39%
70150,VOTUPORANGA,3557105,95338,SP,"segunda-feira, 19/07",40%
70423,VOTUPORANGA,3557105,95338,SP,"segunda-feira, 19/10",42%
70605,VOTUPORANGA,3557105,95338,SP,"segunda-feira, 20/04",56%
70514,VOTUPORANGA,3557105,95338,SP,"segunda-feira, 20/07",41%
70178,VOTUPORANGA,3557105,95338,SP,"segunda-feira, 21/06",39%
70451,VOTUPORANGA,3557105,95338,SP,"segunda-feira, 21/09",42%
70360,VOTUPORANGA,3557105,95338,SP,"segunda-feira, 21/12",41%
70297,VOTUPORANGA,3557105,95338,SP,"segunda-feira, 22/02",39%
70269,VOTUPORANGA,3557105,95338,SP,"segunda-feira, 22/03",44%
70542,VOTUPORANGA,3557105,95338,SP,"segunda-feira, 22/06",42%
70633,VOTUPORANGA,3557105,95338,SP,"segunda-feira, 23/03",57%
70388,VOTUPORANGA,3557105,95338,SP,"segunda-feira, 23/11",40%
70206,VOTUPORANGA,3557105,95338,SP,"segunda-feira, 24/05",41%
70479,VOTUPORANGA,3557105,95338,SP,"segunda-feira, 24/08",44%
70325,VOTUPORANGA,3557105,95338,SP,"segunda-feira, 25/01",40%
70570,VOTUPORANGA,3557105,95338,SP,"segunda-feira, 25/05",51%
70234,VOTUPORANGA,3557105,95338,SP,"segunda-feira, 26/04",40%
70416,VOTUPORANGA,3557105,95338,SP,"segunda-feira, 26/10",41%
70598,VOTUPORANGA,3557105,95338,SP,"segunda-feira, 27/04",54%
70507,VOTUPORANGA,3557105,95338,SP,"segunda-feira, 27/07",45%
70171,VOTUPORANGA,3557105,95338,SP,"segunda-feira, 28/06",40%
70444,VOTUPORANGA,3557105,95338,SP,"segunda-feira, 28/09",41%
70353,VOTUPORANGA,3557105,95338,SP,"segunda-feira, 28/12",42%
70262,VOTUPORANGA,3557105,95338,SP,"segunda-feira, 29/03",43%
70535,VOTUPORANGA,3557105,95338,SP,"segunda-feira, 29/06",43%
70626,VOTUPORANGA,3557105,95338,SP,"segunda-feira, 30/03",59%
70381,VOTUPORANGA,3557105,95338,SP,"segunda-feira, 30/11",39%
70199,VOTUPORANGA,3557105,95338,SP,"segunda-feira, 31/05",40%
70472,VOTUPORANGA,3557105,95338,SP,"segunda-feira, 31/08",43%
70349,VOTUPORANGA,3557105,95338,SP,"sexta-feira, 01/01",45%
70594,VOTUPORANGA,3557105,95338,SP,"sexta-feira, 01/05",62%
70258,VOTUPORANGA,3557105,95338,SP,"sexta-feira, 02/04",45%
70167,VOTUPORANGA,3557105,95338,SP,"sexta-feira, 02/07",38%
70440,VOTUPORANGA,3557105,95338,SP,"sexta-feira, 02/10",42%
70622,VOTUPORANGA,3557105,95338,SP,"sexta-feira, 03/04",58%
70531,VOTUPORANGA,3557105,95338,SP,"sexta-feira, 03/07",46%
70195,VOTUPORANGA,3557105,95338,SP,"sexta-feira, 04/06",38%
70468,VOTUPORANGA,3557105,95338,SP,"sexta-feira, 04/09",40%
70377,VOTUPORANGA,3557105,95338,SP,"sexta-feira, 04/12",40%
70314,VOTUPORANGA,3557105,95338,SP,"sexta-feira, 05/02",39%
70286,VOTUPORANGA,3557105,95338,SP,"sexta-feira, 05/03",42%
70559,VOTUPORANGA,3557105,95338,SP,"sexta-feira, 05/06",46%
70647,VOTUPORANGA,3557105,95338,SP,"sexta-feira, 06/03",36%
70405,VOTUPORANGA,3557105,95338,SP,"sexta-feira, 06/11",40%
70223,VOTUPORANGA,3557105,95338,SP,"sexta-feira, 07/05",38%
70496,VOTUPORANGA,3557105,95338,SP,"sexta-feira, 07/08",42%
70342,VOTUPORANGA,3557105,95338,SP,"sexta-feira, 08/01",39%
70587,VOTUPORANGA,3557105,95338,SP,"sexta-feira, 08/05",51%
70251,VOTUPORANGA,3557105,95338,SP,"sexta-feira, 09/04",40%
70160,VOTUPORANGA,3557105,95338,SP,"sexta-feira, 09/07",42%
70433,VOTUPORANGA,3557105,95338,SP,"sexta-feira, 09/10",42%
70615,VOTUPORANGA,3557105,95338,SP,"sexta-feira, 10/04",66%
70524,VOTUPORANGA,3557105,95338,SP,"sexta-feira, 10/07",43%
70188,VOTUPORANGA,3557105,95338,SP,"sexta-feira, 11/06",38%
70461,VOTUPORANGA,3557105,95338,SP,"sexta-feira, 11/09",41%
70370,VOTUPORANGA,3557105,95338,SP,"sexta-feira, 11/12",41%
70307,VOTUPORANGA,3557105,95338,SP,"sexta-feira, 12/02",39%
70279,VOTUPORANGA,3557105,95338,SP,"sexta-feira, 12/03",42%
70552,VOTUPORANGA,3557105,95338,SP,"sexta-feira, 12/06",47%
70640,VOTUPORANGA,3557105,95338,SP,"sexta-feira, 13/03",45%
70398,VOTUPORANGA,3557105,95338,SP,"sexta-feira, 13/11",41%
70216,VOTUPORANGA,3557105,95338,SP,"sexta-feira, 14/05",39%
70489,VOTUPORANGA,3557105,95338,SP,"sexta-feira, 14/08",42%
70335,VOTUPORANGA,3557105,95338,SP,"sexta-feira, 15/01",41%
70580,VOTUPORANGA,3557105,95338,SP,"sexta-feira, 15/05",52%
70244,VOTUPORANGA,3557105,95338,SP,"sexta-feira, 16/04",38%
70153,VOTUPORANGA,3557105,95338,SP,"sexta-feira, 16/07",41%
70426,VOTUPORANGA,3557105,95338,SP,"sexta-feira, 16/10",41%
70608,VOTUPORANGA,3557105,95338,SP,"sexta-feira, 17/04",53%
70517,VOTUPORANGA,3557105,95338,SP,"sexta-feira, 17/07",42%
70181,VOTUPORANGA,3557105,95338,SP,"sexta-feira, 18/06",38%
70454,VOTUPORANGA,3557105,95338,SP,"sexta-feira, 18/09",39%
70363,VOTUPORANGA,3557105,95338,SP,"sexta-feira, 18/12",36%
70300,VOTUPORANGA,3557105,95338,SP,"sexta-feira, 19/02",38%
70272,VOTUPORANGA,3557105,95338,SP,"sexta-feira, 19/03",43%
70545,VOTUPORANGA,3557105,95338,SP,"sexta-feira, 19/06",43%
70636,VOTUPORANGA,3557105,95338,SP,"sexta-feira, 20/03",48%
70391,VOTUPORANGA,3557105,95338,SP,"sexta-feira, 20/11",40%
70209,VOTUPORANGA,3557105,95338,SP,"sexta-feira, 21/05",39%
70482,VOTUPORANGA,3557105,95338,SP,"sexta-feira, 21/08",41%
70328,VOTUPORANGA,3557105,95338,SP,"sexta-feira, 22/01",39%
70573,VOTUPORANGA,3557105,95338,SP,"sexta-feira, 22/05",47%
70237,VOTUPORANGA,3557105,95338,SP,"sexta-feira, 23/04",38%
70419,VOTUPORANGA,3557105,95338,SP,"sexta-feira, 23/10",42%
70601,VOTUPORANGA,3557105,95338,SP,"sexta-feira, 24/04",53%
70510,VOTUPORANGA,3557105,95338,SP,"sexta-feira, 24/07",40%
70174,VOTUPORANGA,3557105,95338,SP,"sexta-feira, 25/06",39%
70447,VOTUPORANGA,3557105,95338,SP,"sexta-feira, 25/09",40%
70356,VOTUPORANGA,3557105,95338,SP,"sexta-feira, 25/12",45%
70293,VOTUPORANGA,3557105,95338,SP,"sexta-feira, 26/02",40%
70265,VOTUPORANGA,3557105,95338,SP,"sexta-feira, 26/03",45%
70538,VOTUPORANGA,3557105,95338,SP,"sexta-feira, 26/06",45%
70629,VOTUPORANGA,3557105,95338,SP,"sexta-feira, 27/03",56%
70384,VOTUPORANGA,3557105,95338,SP,"sexta-feira, 27/11",41%
70654,VOTUPORANGA,3557105,95338,SP,"sexta-feira, 28/02",37%
70202,VOTUPORANGA,3557105,95338,SP,"sexta-feira, 28/05",39%
70475,VOTUPORANGA,3557105,95338,SP,"sexta-feira, 28/08",40%
70321,VOTUPORANGA,3557105,95338,SP,"sexta-feira, 29/01",41%
70566,VOTUPORANGA,3557105,95338,SP,"sexta-feira, 29/05",46%
70230,VOTUPORANGA,3557105,95338,SP,"sexta-feira, 30/04",41%
70412,VOTUPORANGA,3557105,95338,SP,"sexta-feira, 30/10",43%
70503,VOTUPORANGA,3557105,95338,SP,"sexta-feira, 31/07",41%
70229,VOTUPORANGA,3557105,95338,SP,"sábado, 01/05",42%
70502,VOTUPORANGA,3557105,95338,SP,"sábado, 01/08",42%
70348,VOTUPORANGA,3557105,95338,SP,"sábado, 02/01",45%
70593,VOTUPORANGA,3557105,95338,SP,"sábado, 02/05",58%
70257,VOTUPORANGA,3557105,95338,SP,"sábado, 03/04",46%
70166,VOTUPORANGA,3557105,95338,SP,"sábado, 03/07",42%
70439,VOTUPORANGA,3557105,95338,SP,"sábado, 03/10",39%
70621,VOTUPORANGA,3557105,95338,SP,"sábado, 04/04",59%
70530,VOTUPORANGA,3557105,95338,SP,"sábado, 04/07",46%
70194,VOTUPORANGA,3557105,95338,SP,"sábado, 05/06",41%
70467,VOTUPORANGA,3557105,95338,SP,"sábado, 05/09",34%
70376,VOTUPORANGA,3557105,95338,SP,"sábado, 05/12",39%
70313,VOTUPORANGA,3557105,95338,SP,"sábado, 06/02",39%
70285,VOTUPORANGA,3557105,95338,SP,"sábado, 06/03",48%
70558,VOTUPORANGA,3557105,95338,SP,"sábado, 06/06",44%
70646,VOTUPORANGA,3557105,95338,SP,"sábado, 07/03",39%
70404,VOTUPORANGA,3557105,95338,SP,"sábado, 07/11",40%
70222,VOTUPORANGA,3557105,95338,SP,"sábado, 08/05",39%
70495,VOTUPORANGA,3557105,95338,SP,"sábado, 08/08",41%
70341,VOTUPORANGA,3557105,95338,SP,"sábado, 09/01",43%
70586,VOTUPORANGA,3557105,95338,SP,"sábado, 09/05",54%
70250,VOTUPORANGA,3557105,95338,SP,"sábado, 10/04",41%
70159,VOTUPORANGA,3557105,95338,SP,"sábado, 10/07",43%
70432,VOTUPORANGA,3557105,95338,SP,"sábado, 10/10",37%
70614,VOTUPORANGA,3557105,95338,SP,"sábado, 11/04",59%
70523,VOTUPORANGA,3557105,95338,SP,"sábado, 11/07",45%
70187,VOTUPORANGA,3557105,95338,SP,"sábado, 12/06",39%
70460,VOTUPORANGA,3557105,95338,SP,"sábado, 12/09",42%
70369,VOTUPORANGA,3557105,95338,SP,"sábado, 12/12",40%
70306,VOTUPORANGA,3557105,95338,SP,"sábado, 13/02",40%
70278,VOTUPORANGA,3557105,95338,SP,"sábado, 13/03",47%
70551,VOTUPORANGA,3557105,95338,SP,"sábado, 13/06",48%
70397,VOTUPORANGA,3557105,95338,SP,"sábado, 14/11",42%
70215,VOTUPORANGA,3557105,95338,SP,"sábado, 15/05",42%
70488,VOTUPORANGA,3557105,95338,SP,"sábado, 15/08",44%
70334,VOTUPORANGA,3557105,95338,SP,"sábado, 16/01",42%
70579,VOTUPORANGA,3557105,95338,SP,"sábado, 16/05",46%
70243,VOTUPORANGA,3557105,95338,SP,"sábado, 17/04",43%
70152,VOTUPORANGA,3557105,95338,SP,"sábado, 17/07",42%
70425,VOTUPORANGA,3557105,95338,SP,"sábado, 17/10",39%
70607,VOTUPORANGA,3557105,95338,SP,"sábado, 18/04",58%
70516,VOTUPORANGA,3557105,95338,SP,"sábado, 18/07",43%
70180,VOTUPORANGA,3557105,95338,SP,"sábado, 19/06",41%
70453,VOTUPORANGA,3557105,95338,SP,"sábado, 19/09",43%
70362,VOTUPORANGA,3557105,95338,SP,"sábado, 19/12",37%
70299,VOTUPORANGA,3557105,95338,SP,"sábado, 20/02",39%
70271,VOTUPORANGA,3557105,95338,SP,"sábado, 20/03",47%
70544,VOTUPORANGA,3557105,95338,SP,"sábado, 20/06",44%
70635,VOTUPORANGA,3557105,95338,SP,"sábado, 21/03",60%
70390,VOTUPORANGA,3557105,95338,SP,"sábado, 21/11",42%
70208,VOTUPORANGA,3557105,95338,SP,"sábado, 22/05",43%
70481,VOTUPORANGA,3557105,95338,SP,"sábado, 22/08",47%
70327,VOTUPORANGA,3557105,95338,SP,"sábado, 23/01",40%
70572,VOTUPORANGA,3557105,95338,SP,"sábado, 23/05",48%
70236,VOTUPORANGA,3557105,95338,SP,"sábado, 24/04",43%
70418,VOTUPORANGA,3557105,95338,SP,"sábado, 24/10",43%
70600,VOTUPORANGA,3557105,95338,SP,"sábado, 25/04",59%
70509,VOTUPORANGA,3557105,95338,SP,"sábado, 25/07",40%
70173,VOTUPORANGA,3557105,95338,SP,"sábado, 26/06",42%
70446,VOTUPORANGA,3557105,95338,SP,"sábado, 26/09",42%
70355,VOTUPORANGA,3557105,95338,SP,"sábado, 26/12",45%
70292,VOTUPORANGA,3557105,95338,SP,"sábado, 27/02",41%
70264,VOTUPORANGA,3557105,95338,SP,"sábado, 27/03",46%
70537,VOTUPORANGA,3557105,95338,SP,"sábado, 27/06",45%
70628,VOTUPORANGA,3557105,95338,SP,"sábado, 28/03",57%
70383,VOTUPORANGA,3557105,95338,SP,"sábado, 28/11",40%
70653,VOTUPORANGA,3557105,95338,SP,"sábado, 29/02",37%
70201,VOTUPORANGA,3557105,95338,SP,"sábado, 29/05",43%
70474,VOTUPORANGA,3557105,95338,SP,"sábado, 29/08",40%
70320,VOTUPORANGA,3557105,95338,SP,"sábado, 30/01",43%
70565,VOTUPORANGA,3557105,95338,SP,"sábado, 30/05",50%
70411,VOTUPORANGA,3557105,95338,SP,"sábado, 31/10",45%
70198,VOTUPORANGA,3557105,95338,SP,"terça-feira, 01/06",41%
70471,VOTUPORANGA,3557105,95338,SP,"terça-feira, 01/09",41%
70380,VOTUPORANGA,3557105,95338,SP,"terça-feira, 01/12",38%
70317,VOTUPORANGA,3557105,95338,SP,"terça-feira, 02/02",39%
70289,VOTUPORANGA,3557105,95338,SP,"terça-feira, 02/03",40%
70562,VOTUPORANGA,3557105,95338,SP,"terça-feira, 02/06",43%
70650,VOTUPORANGA,3557105,95338,SP,"terça-feira, 03/03",40%
70408,VOTUPORANGA,3557105,95338,SP,"terça-feira, 03/11",41%
70226,VOTUPORANGA,3557105,95338,SP,"terça-feira, 04/05",41%
70499,VOTUPORANGA,3557105,95338,SP,"terça-feira, 04/08",41%
70345,VOTUPORANGA,3557105,95338,SP,"terça-feira, 05/01",40%
70590,VOTUPORANGA,3557105,95338,SP,"terça-feira, 05/05",52%
70254,VOTUPORANGA,3557105,95338,SP,"terça-feira, 06/04",40%
70163,VOTUPORANGA,3557105,95338,SP,"terça-feira, 06/07",38%
70436,VOTUPORANGA,3557105,95338,SP,"terça-feira, 06/10",42%
70618,VOTUPORANGA,3557105,95338,SP,"terça-feira, 07/04",55%
70527,VOTUPORANGA,3557105,95338,SP,"terça-feira, 07/07",45%
70191,VOTUPORANGA,3557105,95338,SP,"terça-feira, 08/06",39%
70464,VOTUPORANGA,3557105,95338,SP,"terça-feira, 08/09",39%
70373,VOTUPORANGA,3557105,95338,SP,"terça-feira, 08/12",42%
70310,VOTUPORANGA,3557105,95338,SP,"terça-feira, 09/02",41%
70282,VOTUPORANGA,3557105,95338,SP,"terça-feira, 09/03",43%
70555,VOTUPORANGA,3557105,95338,SP,"terça-feira, 09/06",46%
70643,VOTUPORANGA,3557105,95338,SP,"terça-feira, 10/03",39%
70401,VOTUPORANGA,3557105,95338,SP,"terça-feira, 10/11",41%
70219,VOTUPORANGA,3557105,95338,SP,"terça-feira, 11/05",39%
70492,VOTUPORANGA,3557105,95338,SP,"terça-feira, 11/08",42%
70338,VOTUPORANGA,3557105,95338,SP,"terça-feira, 12/01",41%
70583,VOTUPORANGA,3557105,95338,SP,"terça-feira, 12/05",53%
70247,VOTUPORANGA,3557105,95338,SP,"terça-feira, 13/04",41%
70156,VOTUPORANGA,3557105,95338,SP,"terça-feira, 13/07",42%
70429,VOTUPORANGA,3557105,95338,SP,"terça-feira, 13/10",39%
70611,VOTUPORANGA,3557105,95338,SP,"terça-feira, 14/04",57%
70520,VOTUPORANGA,3557105,95338,SP,"terça-feira, 14/07",45%
70184,VOTUPORANGA,3557105,95338,SP,"terça-feira, 15/06",40%
70457,VOTUPORANGA,3557105,95338,SP,"terça-feira, 15/09",43%
70366,VOTUPORANGA,3557105,95338,SP,"terça-feira, 15/12",39%
70303,VOTUPORANGA,3557105,95338,SP,"terça-feira, 16/02",40%
70275,VOTUPORANGA,3557105,95338,SP,"terça-feira, 16/03",43%
70548,VOTUPORANGA,3557105,95338,SP,"terça-feira, 16/06",47%
70639,VOTUPORANGA,3557105,95338,SP,"terça-feira, 17/03",48%
70394,VOTUPORANGA,3557105,95338,SP,"terça-feira, 17/11",40%
70212,VOTUPORANGA,3557105,95338,SP,"terça-feira, 18/05",40%
70485,VOTUPORANGA,3557105,95338,SP,"terça-feira, 18/08",42%
70331,VOTUPORANGA,3557105,95338,SP,"terça-feira, 19/01",40%
70576,VOTUPORANGA,3557105,95338,SP,"terça-feira, 19/05",47%
70240,VOTUPORANGA,3557105,95338,SP,"terça-feira, 20/04",41%
70422,VOTUPORANGA,3557105,95338,SP,"terça-feira, 20/10",40%
70604,VOTUPORANGA,3557105,95338,SP,"terça-feira, 21/04",63%
70513,VOTUPORANGA,3557105,95338,SP,"terça-feira, 21/07",42%
70177,VOTUPORANGA,3557105,95338,SP,"terça-feira, 22/06",40%
70450,VOTUPORANGA,3557105,95338,SP,"terça-feira, 22/09",41%
70359,VOTUPORANGA,3557105,95338,SP,"terça-feira, 22/12",39%
70296,VOTUPORANGA,3557105,95338,SP,"terça-feira, 23/02",39%
70268,VOTUPORANGA,3557105,95338,SP,"terça-feira, 23/03",45%
70541,VOTUPORANGA,3557105,95338,SP,"terça-feira, 23/06",43%
70632,VOTUPORANGA,3557105,95338,SP,"terça-feira, 24/03",57%
70387,VOTUPORANGA,3557105,95338,SP,"terça-feira, 24/11",41%
70205,VOTUPORANGA,3557105,95338,SP,"terça-feira, 25/05",40%
70478,VOTUPORANGA,3557105,95338,SP,"terça-feira, 25/08",44%
70324,VOTUPORANGA,3557105,95338,SP,"terça-feira, 26/01",41%
70569,VOTUPORANGA,3557105,95338,SP,"terça-feira, 26/05",42%
70233,VOTUPORANGA,3557105,95338,SP,"terça-feira, 27/04",37%
70415,VOTUPORANGA,3557105,95338,SP,"terça-feira, 27/10",43%
70597,VOTUPORANGA,3557105,95338,SP,"terça-feira, 28/04",54%
70506,VOTUPORANGA,3557105,95338,SP,"terça-feira, 28/07",43%
70170,VOTUPORANGA,3557105,95338,SP,"terça-feira, 29/06",40%
70443,VOTUPORANGA,3557105,95338,SP,"terça-feira, 29/09",41%
70352,VOTUPORANGA,3557105,95338,SP,"terça-feira, 29/12",42%
70261,VOTUPORANGA,3557105,95338,SP,"terça-feira, 30/03",43%
70534,VOTUPORANGA,3557105,95338,SP,"terça-feira, 30/06",47%
70625,VOTUPORANGA,3557105,95338,SP,"terça-feira, 31/03",59%
